shot,flat_top_start,flat_top_end
26386,0.22810027,1.78800023
29511,0.348100275,1.34800029
30043,0.348100275,1.55200028
30197,0.348100275,1.55200028
30225,0.268100262,0.613200068
30262,0.348100275,1.55200028
30268,0.348100275,1.55200028
30290,0.268100262,1.1650002
30310,0.308100253,0.957000136
31211,0.348100275,0.628000081
31554,0.348100275,0.586000085
31650,0.600000262,1.59200025
31718,0.348100275,1.55200028
31807,0.348100275,0.685400069
31839,0.348100275,1.81200027
32191,0.22810027,0.521600068
32195,0.22810027,0.843000114
32592,0.388100266,1.38810027
32716,0.38800028,0.714600086
32911,0.268100262,1.17100012
33188,0.188100263,0.549800098
33271,0.22810027,1.94800031
33281,0.22810027,1.91600025
33459,0.320000261,1.32010031
33567,0.22810027,1.91600025
33942,0.22310026,0.602600038
34010,0.223099306,0.422400087
34309,0.228099316,1.78799927
42197,0.400099307,1.20359933
42514,0.320099324,1.11999929
43454,0.280099303,1.59999931
45103,0.280099303,1.59999931
45105,0.280099303,1.59999931
45180,0.120099314,1.71999931
45182,0.120099314,1.71999931
45183,0.120099314,1.60500014
45184,0.120099314,1.6012001
45185,0.120099314,1.71999931
45186,0.120099314,1.2144
45191,0.0608993135,1.7016
45200,0.0608993135,1.89399934
46796,0.120099314,1.6488
46800,0.120099314,1.71999931
46801,0.120099314,1.6348
46808,0.120099314,1.71999931
46813,0.1201,1.72
46814,0.1201,1.66320014
46842,0.120099314,1.71999931
46845,0.120099314,1.475
46853,0.300099313,1.89999926
47962,0.22810027,1.7080003
48580,0.133100271,1.683
50142,0.188100263,1.46800029
50185,0.188100263,1.46800029
50206,0.188100263,1.46800029
50245,0.188100263,1.46800029
50249,0.188100263,1.64800024
50258,0.133100271,1.52300024
50261,0.133100271,1.52300024
50264,0.133100271,1.52300024
50267,0.133100271,1.72300029
50273,0.133100271,1.72300029
50276,0.188100263,1.66800022
50290,0.22810027,1.7080003
50295,0.133100271,1.93000031
50298,0.188100263,1.80000031
50301,0.133100271,1.52300024
50305,0.300100267,1.60000026
50309,0.132100269,1.80900025
50327,0.133100271,1.93000031
50337,0.22310026,1.70000029
50344,0.133100271,1.52300024
50345,0.22310026,1.70000029
50348,0.22310026,1.70000029
50351,0.0511002652,2.47200036
50356,0.0511002652,2.47200036
50359,0.0511002652,2.47200036
50362,0.0511002652,2.47200036
50368,0.133100271,1.52300024
50370,0.188100263,1.46800029
50374,0.188000262,1.46810031
50392,0.133100271,1.52300024
50393,0.133100271,1.52300024
50395,0.133100271,1.52300024
50406,0.22810027,0.457600057
50409,0.22810027,0.50000006
50412,0.412000269,0.830600083
50416,0.412000269,1.11760008
50420,0.188100263,1.46800029
50434,0.188100263,1.46800029
50440,0.0611002669,0.8394
50444,0.188100263,1.46800029
50446,0.188100263,0.616400063
50454,0.268000275,0.486400038
50460,0.0611002669,2.7434
50464,0.0611002669,2.8202
50471,0.0611002669,2.71200013
50479,0.0871002674,1.97600031
50485,0.22810027,1.7080003
50496,0.22810027,1.7080003
50499,0.22810027,1.7080003
50504,0.188100263,1.46800029
50506,0.228000268,1.78800023
50512,0.308100253,1.7080003
50515,0.188100263,1.78800023
50518,0.308100253,1.7080003
50521,0.308100253,1.84400022
50524,0.188100263,1.78800023
50528,0.308100253,1.60000026
50534,0.188100263,1.46800029
50535,0.188100263,1.78800023
50550,0.308100253,1.7080003
50554,0.308100253,1.7080003
50557,0.308100253,1.7080003
50560,0.188100263,1.85400021
50572,0.188100263,1.85610032
50575,0.188100263,0.6254
50578,0.308100253,1.7080003
50581,0.308100253,1.7080003
50584,0.388100266,1.64400029
50587,0.308100253,1.50000024
50625,0.200100273,1.50000024
50698,0.22810027,2.05600023
50704,0.188100263,1.52800024
50708,0.251100272,1.55100024
50719,0.251100272,1.55100024
50733,0.188100263,1.52800024
50736,0.280100256,1.70000029
50739,0.280100256,1.70000029
50789,0.188100263,1.96000028
50794,0.188100263,1.96000028
50933,0.188100263,1.46800029
50952,0.120100267,2.22000027
50986,0.251100272,1.56400025
50987,0.251100272,0.3805
50998,0.0871002674,2.50000024
51018,0.0871002674,2.7087
51047,0.22810027,1.02800024
51054,0.0871002674,1.70000029
51063,0.22810027,1.02800024
51068,0.133100271,1.52300024
51090,0.148100272,2.22000027
51092,0.148100272,2.22000027
51100,0.148100272,2.22000027
51102,0.148100272,2.22000027
51106,0.133100271,1.52300024
51114,0.22810027,1.62800026
51117,0.148100272,2.22000027
51121,0.22810027,1.62800026
51131,0.148100272,2.22000027
51144,0.133100271,1.52300024
51154,0.120100267,1.72000027
51156,0.148100272,2.22000027
51160,0.148100272,2.22000027
51161,0.148100272,2.22000027
51185,0.133100271,1.52300024
51245,0.251100272,1.45649993
51251,0.133100271,1.52300024
51255,0.188100263,1.46800029
51258,0.188100263,1.85400021
51275,0.188100263,1.96000028
51278,0.188100263,1.96000028
51285,0.188100263,1.46800029
51286,0.188100263,1.96000028
51288,0.188100263,1.96000028
51295,0.0611002669,2.00000024
51296,0.0611002669,2.00000024
51298,0.0611002669,2.00000024
51299,0.0611002669,2.00000024
51322,0.188100263,1.46800029
51324,0.22810027,1.97600031
51325,0.22810027,1.97600031
51335,0.148100272,2.22000027
51343,0.12510027,2.24100018
51347,0.12510027,2.24100018
51352,0.12510027,2.24100018
51366,0.188100263,1.46800029
51367,0.188100263,1.46800029
51368,0.188100263,1.46800029
51369,0.133100271,1.93000031
51392,0.0871002674,1.93900025
51393,0.0611002669,1.96500027
51395,0.0511002652,1.96500027
51396,0.0511002652,1.96500027
51399,0.0611002669,1.93900025
51400,0.0611002669,1.93900025
51433,0.188100263,1.46800029
51457,0.22810027,1.62800026
51458,0.22810027,1.62800026
51480,0.188100263,1.46800029
51510,0.188100263,1.46800029
51637,0.188100263,1.46800029
51638,0.22810027,1.62800026
51640,0.22810027,2.12800026
51651,0.188100263,1.46800029
51657,0.22810027,1.62800026
51668,0.22810027,2.12800026
51673,0.22810027,1.62800026
51690,0.188100263,1.46800029
51723,0.188100263,1.46800029
51731,0.22810027,2.12800026
51739,0.22810027,2.12800026
51779,0.22810027,2.12800026
51786,0.180100262,1.64000022
51831,0.188100263,1.46800029
51853,0.0951002687,2.27600026
52157,0.428000271,1.84800029
52302,0.1881,2.52199984
52355,0.1881,1.646
52502,0.0871,1.854
52531,0.5001,1.976
52542,0.1881,1.468
52545,0.0761,2.076
52570,0.0761,2.236
52578,0.1881,1.468
52591,0.450100273,1.95000029
52614,0.200100273,1.95000029
52653,0.1881,1.468
52658,0.1881,2.2
52710,0.1881,2.2
52779,0.22810027,2.02800035
52789,0.1881,1.646
52812,0.1881,1.468
52833,0.1881,1.646
52845,0.1881,1.468
52875,0.1881,1.468
52878,0.0611,1.831
52887,0.0611,1.81759989
52913,0.1881,1.468
52954,0.188100263,1.46800029
52955,0.1881,2.028
52991,0.1881,1.468
53014,0.1881,2.096
53028,0.1881,1.468
53067,0.188100263,1.46800029
53082,0.1881,1.72
53107,0.1881,1.468
53134,0.1331,1.976
53164,0.1331,1.976
53180,0.1881,1.468
53213,0.1881,1.468
53271,0.0871,1.575
53281,0.1881,1.468
53306,0.1881,1.896
53357,0.188100263,1.46800029
53426,0.213,1.801
53433,0.1881,1.468
53465,0.1881,1.468
53471,0.1881,1.696
53499,0.1881,1.468
53536,0.4001,1.7
53544,0.1881,1.468
53581,0.1331,1.976
53591,0.1881,1.468
53601,0.1331,1.948
53615,0.188100263,1.46800029
53623,0.1331,0.9563
53625,0.1331,1.0174
53627,0.1331,0.765800059
53629,0.1331,0.818600237
53646,0.1331,1.976
53678,0.133100271,2.05700016
53686,0.1881,1.468
53693,0.133100271,2.05700016
53739,0.251100272,1.54700029
53778,0.1331,2.057
53815,0.1881,1.468
53818,0.1881,1.468
53848,0.1881,1.468
53868,0.1881,1.468
53889,0.1881,1.468
53930,0.1881,1.468
53939,0.1881,1.934
53993,0.1881,1.8
54015,0.1881,1.468
54052,0.1881,1.468
54070,0.1881,1.6
54085,0.1881,1.468
54093,0.1881,1.6
54124,0.1881,1.468
54153,0.22810027,1.62800026
54168,0.1881,1.468
54178,0,0
54199,0.3601,1.8
54203,0.1881,1.468
54221,0.3301,1.6
54251,0.1881,1.468
54282,0.180100262,1.65000021
54289,0.188100263,1.46800029
54325,0.1881,1.468
54358,0.1881,1.468
54379,0.3301,1.6
54394,0.1881,1.468
54403,0.330100268,1.60000026
54416,0.2281,1.948
54435,0.1881,1.468
54441,0.1331,1.801
54471,0.1881,1.468
54477,0.3301,1.6
54486,0.3301,1.6
54507,0.1881,1.468
54540,0.1321,2.088
54551,0.1881,1.468
54560,0.1321,1.95
54591,0.1881,1.468
54594,0.1331,1.93
54621,0.1321,1.75
54628,0.1881,1.468
54661,0.1881,1.468
54682,0.0871,2.5
54705,0.1881,1.468
54748,0.188100263,1.46800029
54750,0.100100264,2.41000032
54766,0.188100263,2.02800035
54785,0.100100264,2.41000032
54790,0.1881,1.468
54813,0.100100264,2.41000032
54827,0.1881,1.468
54833,0.100100264,2.41000032
54851,0.100100264,2.41000032
54864,0.188100263,1.46800029
54881,0.1881,1.95
54893,0.1881,1.468
54930,0.1881,1.468
54936,0.100100264,2.41000032
54957,0.1321,1.729
54968,0.188100263,1.46800029
54991,0.1881,1.95
55002,0.188100263,0.2309
55005,0.188100263,0.208500013
55006,0.1881,1.468
55009,0,0
55010,0,0
55013,0,0
55015,0.3301,0.446000129
55017,0.22810027,0.2603
55019,0,0
55020,0.3301,1.41220009
55021,0,0
55023,0.22810027,0.2324
55026,0.400100261,0.4992
55031,0.3301,1.8631
55033,0.22810027,0.2661
55035,0.188100263,0.190700009
55037,0.188100263,0.1985
55039,0.188100263,0.231
55041,0.188100263,0.2341
55043,0.188100263,0.272900015
55055,0.251100272,1.27449989
55058,0.251100272,0.805399954
55062,0.251100272,1.2346
55064,0.251100272,1.33289993
55066,0.251100272,1.3700999
55067,0.251100272,1.04109991
55069,0.251100272,1.2199
55070,0.251100272,1.2081
55071,0.251100272,0.5537
55072,0.251100272,1.3707999
55074,0.188100263,0.2657
55075,0.188100263,0.2318
55077,0.188100263,0.2743
55079,0.188100263,0.2621
55081,0,0
55083,0.188100263,0.351199985
55086,0.1881,1.468
55087,0.188100263,0.371
55088,0.188100263,0.243400007
55091,0.188100263,0.191
55096,0.188100263,0.2176
55097,0,0
55098,0.22810027,0.2406
55099,0.22810027,0.236
55100,0.188000262,1.6973
55103,0.188000262,1.65399992
55105,0.188000262,1.6586
55106,0.0871002674,2.47039986
55109,0.0871002674,2.46299982
55117,0.100100264,2.41000032
55121,0.0871002674,2.42369986
55124,0.1881,1.468
55125,0.188000262,1.66529989
55126,0.3301,1.32180011
55127,0.3301,1.82010007
55128,0.3301,1.56360006
55130,0.188000262,1.7046
55132,0.3301,1.47190011
55133,0.0871002674,2.4229
55134,0.0871002674,2.60000038
55135,0.0871002674,2.60000038
55138,0.0871,2.6
55141,0.188000262,1.70899987
55146,0.3301,1.48
55147,0.133100271,1.4708
55149,0.133100271,1.8058
55151,0.133100271,1.4289999
55155,0.133100271,1.79759991
55181,0.251100272,0.8328
55186,0.251100272,0.8434
55187,0.251100272,0.8515
55188,0.251100272,0.755499959
55189,0.251100272,0.7294
55191,0.251100272,0.6277
55192,0.251100272,0.5843
55193,0.251100272,0.519199967
55195,0.251100272,0.692599952
55197,0.251100272,0.622
55198,0.251100272,0.5089
55199,0.251100272,0.6551
55201,0.251100272,0.5523
55202,0.251100272,0.5305
55208,0.3301,0.3397
55210,0.3301,1.95839989
55212,0.3301,0.3496
55217,0.1881,0.337800115
55218,0.1881,0.517600119
55228,0.33,2
55255,0.1881,0.49300012
55256,0.1881,1.646
55267,0.1881,0.960000098
55272,0.1881,0.519200087
55273,0.1881,0.51970011
55274,0.1881,0.529200137
55283,0.133100271,1.16119993
55285,0.133100271,1.33079994
55287,0.133100271,1.336
55289,0.133100271,1.4646
55292,0.133100271,1.4445
55294,0.133100271,1.02039993
55296,0.133100271,1.16909993
55298,0.2501,1.32320011
55300,0.250100255,0.4133
55301,0.2501,1.42080009
55303,0.2501,1.07270014
55304,0.133100271,0.8301
55305,0.2501,1.04740012
55306,0.2501,1.2611
55307,0.250100255,0.4141
55308,0.2501,1.37470007
55310,0.3301,1.4
55312,0.2501,1.1831001
55314,0.133100271,0.7994
55320,0.1881,1.468
55322,0.133100271,1.4009999
55323,0.133100271,1.4022
55330,0.133100271,1.2104
55343,0.133100271,0.6062
55345,0.133100271,0.6482
55346,0.133100271,1.2837
55348,0.133100271,0.569499969
55350,0.133100271,0.8099
55352,0.133100271,2.07600021
55361,0.1881,1.468
55367,0.133100271,1.8131
55371,0.133100271,1.81179988
55375,0.133100271,1.6285
55376,0.133100271,0.94629997
55379,0.3601,1.24670017
55381,0.3601,1.08760011
55385,0.3601,0.826600134
55392,0.3601,0.503200114
55397,0.188100263,1.46800029
55398,0.133100271,1.3187
55399,0.133100271,1.3143
55402,0.133100271,1.40379989
55406,0.133100271,1.4035
55409,0.133100271,1.12449992
55411,0.133100271,1.2802999
55417,0.133100271,1.4167999
55423,0.2501,1.26340008
55426,0.3301,1.12010014
55428,0,0
55429,0.3301,0.514400125
55431,0.33,0.47390011
55433,0.3871,0.444700122
55435,0.3871,0.704200089
55441,0.1881,1.468
55447,0.22810027,2.30589986
55456,0.133100271,0.662799954
55459,0.133100271,1.81919992
55466,0.188100263,0.2019
55467,0.188100263,0.191500008
55468,0.188100263,0.2633
55470,0.188100263,0.3223
55516,0.1881,1.468
55519,0.188100263,1.46800029
55543,0.1331,1.7
55544,0.1331,1.7
55545,0.1331,0.8786
55546,0.1331,1.4195
55547,0.1331,0.950499952
55548,0.1331,0.86649996
55550,0.1331,0.8416
55551,0.368,1.05040014
55552,0.1331,0.849999964
55555,0.1881,1.468
55565,0.133100271,0.918899953
55567,0.1331,0.971800089
55569,0.1331,1.976
55572,0.1881,0.305000126
55573,0.1331,0.271800131
55574,0.1331,0.68170011
55575,0.1331,0.726700127
55576,0.1331,1.4977001
55578,0.1271,0.320800126
55581,0.1881,1.00040007
55587,0.1331,0.795000136
55588,0.1331,1.37620008
55589,0.1331,0.855500102
55592,0.1881,1.468
55596,0.1881,1.95
55597,0.1331,1.50789988
55599,0.1331,1.5508
55600,0.1331,1.0001
55602,0.1331,1.5824
55605,0.1331,1.2317
55607,0.1331,1.7
55608,0.1331,1.08209991
55610,0.1331,0.92689997
55613,0.1331,1.32020009
55614,0.1331,1.976
55618,0.1331,0.866600096
55620,0.1331,0.952600121
55622,0.1331,1.09640014
55623,0.1331,1.3907001
55624,0.1331,0.922600091
55625,0.1331,1.46530008
55626,0.1331,1.09030008
55628,0.1331,1.14490008
55629,0.1331,0.699500144
55630,0.1331,1.02460015
55634,0.1881,1.468
55653,0.133100271,1.82119989
55670,0.1881,1.468
55674,0.1331,1
55675,0.1881,0.23860012
55676,0.368,0.932100117
55680,0.368,0.789400101
55684,0.368,0.805000126
55686,0.368,0.66170013
55689,0.3481,0.622400105
55690,0.3481,0.670300126
55694,0.3481,0.368
55696,0.1331,1.6
55698,0.1331,1.61800015
55700,0,0
55704,0.327,0.739500105
55706,0.327,0.562200129
55709,0.0871002674,0.5308
55710,0,0
55714,0.1881,1.468
55716,0.188000262,0.789199948
55718,0.133100271,1.4818
55720,0.133100271,1.8144
55722,0.133100271,1.70579994
55725,0.133100271,1.4149
55727,0.188000262,0.3523
55729,0.149100274,0.3182
55730,0.133100271,0.4227
55733,0.149100274,0.3178
55741,0,0
55742,0.133100271,1.37299991
55744,0.133100271,1.8152
55745,0.133100271,1.40379989
55746,0.3481,0.368
55747,0.1331,1.7
55748,0.1331,1.63739991
55749,0.1331,1.5917
55751,0.1331,1.56609988
55752,0.3481,0.368
55755,0.1881,0.392600119
55757,0.1881,1.77
55767,0.188100263,1.77000022
55775,0.188100263,0.3243
55777,0.22810027,0.3324
55779,0.188100263,0.3283
55781,0.188100263,0.3139
55783,0.188100263,0.3431
55785,0.188100263,0.300200015
55787,0.133100271,0.243500009
55789,0.188100263,0.7511
55791,0.22810027,0.6698
55793,0.133100271,1.5194999
55799,0.1881,1.468
55801,0.3481,0.368
55802,0.3481,0.368
55804,0.3481,0.676500142
55805,0.327,0.69810009
55806,0.3481,0.630300105
55807,0.3481,0.729700089
55813,0.3481,0.552200139
55816,0.3481,0.635700107
55818,0.133100271,0.5825
55819,0.3481,0.602200091
55821,0.1881,1.941
55824,0.0871002674,0.825899959
55827,0.133100271,0.6609
55829,0.133100271,0.844
55831,0.133100271,0.88229996
55835,0.3501,1.2137
55838,0.1881,1.468
55839,0.133100271,0.812899947
55842,0.3481,0.881400108
55844,0.4501,0.641000092
55846,0.133100271,1.34849989
55847,0.1321,1.61180007
55854,0.4001,1.65
55855,0.4501,0.46510011
55857,0.4501,0.506900132
55858,0.3481,0.618500113
55860,0.3481,1.22320008
55862,0,0
55863,0.3481,0.629400134
55864,0,0
55865,0.3481,0.703500092
55866,0.1881,1.47300017
55870,0.3481,0.890700102
55871,0.2801,1.27900016
55872,0.3481,0.908000112
55874,0.3481,0.681900144
55877,0.1881,1.941
55879,0.188100263,1.3726
55881,0.188100263,1.3879
55883,0.188100263,1.3894999
55888,0.133100271,2.07600021
55889,0.0871002674,0.879099965
55891,0.0871002674,0.513799965
55892,0.0871002674,0.515599966
55893,0.0871002674,0.5171
55894,0.0871002674,1.1559999
55897,0.133100271,1.4186
55898,0,0
55900,0.2801,1.23260009
55901,0.3481,0.781600118
55905,0.3481,0.526200116
55906,0.3481,0.695300102
55907,0.3481,0.7427001
55908,0.3481,0.907500088
55909,0.3481,0.839900136
55931,0.188100263,1.3201
55933,0.188100263,0.5482
55934,0.127100274,1.3664999
55942,0.188100263,1.77000022
55943,0.127100274,0.5261
55946,0.127100274,1.4489
55953,0.1881,0.754100144
55959,0.1881,1.64
55963,0.188100263,1.46800029
55966,0.6501,1.85830009
55968,0.5001,1.96880007
55971,0.4071,0.880100131
55972,0.0921,1.1759001
55973,0.4071,1.01920009
55974,0.0921,1.19230008
55975,0.6501,1.69160008
55978,0.0921,1.50390017
55980,0.0921,1.5269
55981,0.0921002701,1.09499991
55984,0.0921,1.6
55985,0.0921,1.02950013
55986,0.0921,0.904300094
55987,0.188100263,1.77000022
55988,0.0921,1.56110013
55989,0.188100263,1.77000022
55990,0.188100263,1.4235
55992,0.0921,1.6
55993,0.188100263,1.67000031
55997,0.1271,0.506400108
56001,0.188100263,0.5748
56006,0.1881,0.412400126
56007,0.188100263,1.77000022
56010,0.188100263,1.77000022
56017,0.1271,1.72
56019,0.300100267,1.77000022
56023,0.188000262,0.7021
56025,0.188000262,0.4707
56027,0.0871002674,2.42299986
56028,0.0871002674,2.4232
56030,0.0871002674,2.42349982
56033,0.0871002674,2.4008
56034,0.0871002674,2.4243
56036,0.0871002674,2.47700024
56051,0.1881,1.468
56054,0.1271,1.82
56057,0.1271,0.749500096
56058,0.1271,0.731200099
56063,0.2281,0.855000138
56064,0.2281,0.647900105
56065,0.2281,0.533000112
56066,0.2281,2.029
56067,0.1331,0.9492
56068,0.1331,0.924599946
56069,0.1331,1.5481
56070,0.1331,0.897799969
56071,0.1331,1.5754
56072,0.1331,1.617
56073,0.1331,0.9127
56074,0.1331,0.89989996
56080,0.188100263,1.46800029
56081,0.1881,1.67
56102,0.188100263,1.77000022
56106,0.188100263,1.64099991
56108,0.188100263,1.6716
56110,0.188100263,1.5301
56112,0.188100263,1.6256
56119,0.1881,1.468
56126,0.0871002674,2.47700024
56127,0.0871,1.18170011
56129,0.0871,1.27180016
56130,0.0871,1.939
56132,0.1321,0.149800122
56133,0.25,0.263200104
56140,0.0871,1.939
56145,0.1881,1.468
56153,0.188100263,1.77000022
56155,0.3481,0.625700116
56156,0.3481,0.622600138
56161,0.3481,0.53730011
56163,0.3481,0.524100125
56164,0.3481,0.542500138
56165,0.3481,0.767100096
56166,0.368,0.648200095
56173,0.0871,2.477
56180,0.1881,1.468
56181,0.1881,0.397000104
56182,0.0871,0.884700119
56183,0.0871,0.867800117
56184,0.2281,0.419300109
56185,0.0871,1.29230011
56186,0.1881,0.641200125
56187,0.0871,1.80900013
56188,0.1881,1.1148001
56189,0.0871,1.88040006
56190,0.1881,0.62800014
56191,0.0871,1.83
56192,0.1881,0.763600111
56194,0.1881,1.59670007
56196,0.1881,1.35040009
56198,0.1881,1.34780014
56200,0.1881,0.728400111
56202,0.1881,1.52710009
56204,0.1881,0.463700116
56205,0.188100263,1.77000022
56206,0.1881,0.876300097
56207,0.1881,0.882000089
56211,0.1881,1.18
56212,0.1881,0.933100104
56213,0.188100263,1.37749994
56216,0.1881,0.969300091
56217,0,0
56219,0,0
56220,0.1881,0.654200137
56221,0.1881,0.817300141
56222,0.1881,1.20860016
56223,0,0
56226,0.1881,1.468
56229,0.368,0.545200109
56231,0.368,0.5200001
56232,0.0951,2.2681
56233,0.368,0.517100096
56234,0.0951,2.27190018
56235,0,0
56236,0.188100263,1.77000022
56237,0.3481,0.531500101
56239,0.3481,0.726900101
56241,0.0871,1.0966
56242,0.3481,0.646600127
56244,0.1331,1.6013999
56245,0.1331,1.5611999
56247,0.1331,1.55049992
56249,0.3481,0.805000126
56250,0.3481,0.549900115
56252,0.1331,1.54979992
56254,0.1331,1.61349988
56255,0.1331,1.7
56257,0.188100263,1.77000022
56260,0.3481,0.673700094
56265,0.1881,1.468
56273,0.0871,2.477
56281,0.3481,0.352900088
56283,0.22810027,2.02800035
56286,0.22810027,1.97759986
56292,0.22810027,1.70100021
56295,0.188100263,1.46800029
56296,0.4001,0.418400109
56297,0.5,0.535900116
56298,0.3701,0.518100142
56299,0.3701,0.478100121
56303,0.3701,1.8
56311,0.1331,0.854599953
56312,0.1331,0.9248
56313,0.1331,0.915299952
56314,0.1331,0.8328
56315,0.1331,0.950599968
56316,0.22810027,1.86400032
56319,0.1271,0.514400125
56320,0.22810027,1.80339992
56321,0.22810027,0.4613
56339,0.1881,0.416800112
56343,0.0871,1.939
56351,0.1881,1.468
56368,0.133100271,0.780299962
56369,0.133100271,0.6951
56370,0.133100271,2.07600021
56371,0.188100263,0.4316
56373,0.133100271,1.3549
56374,0.133100271,0.867899954
56375,0.133100271,1.6161
56377,0.188100263,0.4402
56380,0.188100263,0.6184
56381,0.188100263,0.6781
56384,0.188100263,0.630899966
56388,0.1881,1.21790016
56389,0.1271,0.660300136
56390,0.1271,0.924000084
56393,0.1271,0.573800087
56394,0.3701,1.2312001
56395,0.3701,1.0976001
56396,0.1271,0.6501
56397,0.3701,1.50440013
56398,0.1271,0.475500107
56400,0.188100263,0.4495
56402,0.188100263,0.4589
56403,0,0
56404,0.188100263,0.723899961
56406,0.133100271,0.6035
56408,0.133100271,0.549699962
56410,0.133100271,0.7109
56429,0.1881,1.468
56431,0.1271,0.929800093
56432,0.1331,1.55699992
56433,0.188100263,0.4518
56440,0.1271,0.530800104
56441,0.1271,0.57340014
56442,0.1271,0.570800126
56443,0.1331,1.561
56445,0.1271,0.571300089
56448,0.1331,1.5953
56450,0.1331,0.424900115
56452,0.1271,0.595400095
56454,0.1271,1.54460013
56457,0.188100263,0.6102
56459,0.1331,0.434700131
56460,0.1271,0.621500134
56463,0.133100271,0.76669997
56464,0.133100271,0.876599967
56465,0.133100271,1.48019993
56466,0.133100271,1.28479993
56476,0.1331,0.9001
56484,0.3481,0.561300099
56486,0.1331,0.535900116
56492,0.1331,0.873800099
56494,0.1881,0.361200124
56501,0.1881,0.365200102
56506,0.1881,1.07130015
56508,0.1881,1.5602001
56514,0.1881,1.468
56517,0.1271,1.82
56519,0.188100263,0.6723
56522,0.1271,1.5427
56525,0.188100263,0.645199955
56526,0.1271,1.5269
56528,0.1271,0.462800115
56531,0.1271,0.929500103
56537,0.1601,1.662
56538,0.0871002674,0.99789995
56541,0,0
56543,0.3301,0.338200122
56546,0,0
56547,0.1601,0.693700135
56548,0.1601,0.707900107
56549,0.2501,0.288700104
56550,0.2281,1.2525
56551,0.2281,1.05480015
56552,0.0871002674,1.301
56554,0.2281,1.92380011
56557,0.1881,1.468
56558,0,0
56559,0.428000271,1.2641
56562,0.428,1.52810013
56563,0.428,1.15150011
56564,0.428,1.167
56566,0,0
56567,0.428,1.2769
56574,0.428,1.23600006
56575,0.428,1.25140011
56585,0.133100271,1.80459988
56586,0.133100271,0.624799967
56587,0.133100271,0.6301
56588,0.133100271,2.07600021
56589,0.133100271,1.47719991
56592,0.1881,1.468
56597,0.100100264,0.812
56610,0.1481,2.189
56615,0.2801,1.52180016
56628,0.1881,1.468
56631,0.1881,2.05770016
56632,0.37,1.70890009
56637,0.188100263,1.77000022
56639,0.37,0.887000144
56646,0.0921,1.32520008
56649,0.37,1.72860014
56651,0.1271,1.72
56652,0.2001,0.271500111
56653,0.3001,0.837100089
56654,0.2001,0.270800114
56656,0.2281,1.0092001
56657,0.2281,0.974900126
56658,0.2281,0.975800097
56660,0.1601,0.241600111
56661,0.1601,0.252500117
56662,0.2281,1.8
56663,0.2281,1.04710007
56665,0.2281,0.637000144
56670,0.1881,1.468
56671,0.1881,1.24260008
56674,0.2281,0.811600089
56675,0.2801,0.952500105
56681,0.2801,0.85
56683,0.2281,1.15240014
56686,0.1331,0.196100011
56687,0.0871002674,1.8201
56691,0.2281,1.15630007
56695,0.2281,0.986300111
56697,0.2281,1.3526001
56699,0.2281,1.13330007
56700,0.2281,1.07010007
56702,0.0871002674,2.16579986
56705,0.2281,0.746000111
56712,0.1881,1.468
56714,0,0
56715,0,0
56717,0.428,1.20260012
56718,0.428,1.10080016
56719,0.428,1.09290016
56722,0.0871,2.477
56734,0.2281,0.952400088
56735,0.2281,0.850300133
56736,0.2281,0.857300103
56737,0.2281,1.35290015
56740,0.188100263,1.77000022
56744,0.37,1.13310015
56745,0.2281,0.837300122
56748,0.37,1.00630009
56749,0.37,1.48110008
56750,0.37,1.60640013
56782,0.1881,0.5200001
56784,0.188100263,1.09429991
56785,0.1881,0.288000107
56787,0.188100263,0.56979996
56788,0.1881,0.285000116
56789,0.1881,0.322200119
56790,0.3001,1.72790015
56793,0.300100267,1.77000022
56796,0.1881,0.774600089
56798,0.1881,0.693500102
56801,0.1881,0.561500132
56803,0.188100263,0.5858
56805,0.188100263,0.6383
56815,0.1881,1.468
56833,0.37010026,1.1473
56837,0.37010026,0.6784
56839,0.37010026,0.852099955
56843,0.1881,1.468
56847,0.2281,0.835200131
56848,0.22810027,0.966699958
56853,0.659000278,1.90000021
56857,0.133100271,1.3294
56861,0.188100263,1.91379988
56862,0.188100263,1.074
56864,0.0871002674,2.40299988
56865,0.0871002674,2.40369987
56868,0.0871002674,2.40909982
56869,0.0871002674,0.710599959
56870,0.0871002674,1.96859992
56871,0.0871002674,2.2347
56872,0.133100271,1.8154999
56878,0.1881,1.468
56884,0.0871002674,0.5377
56886,0.0871002674,2.45299983
56887,0.0871002674,0.5372
56894,0.188100263,1.55679989
56913,0.1881,1.8
56921,0.1881,1.468
56927,0.188100263,1.69600022
56928,0.188100263,1.69600022
56930,0.188100263,1.67049992
56932,0.188100263,1.5417999
56933,0.188100263,1.5646
56934,0.188100263,1.5952
56935,0.188100263,1.4016
56937,0.188100263,1.0734
56940,0.1881,1.468
56942,0.1271,0.729300141
56944,0.1271,0.52060014
56945,0.188100263,1.4732
56946,0.188100263,1.77000022
56947,0.1271,0.423800111
56949,0.188100263,1.51939988
56950,0.1271,1.82
56957,0.1881,0.222300112
56983,0.1881,1.50160015
56984,0.1881,2.096
56985,0.1881,1.07430017
56988,0.1881,0.710700095
56989,0.1881,1.5523001
56991,0.1881,0.621200144
56993,0.1881,0.401400119
56994,0.1881,0.628400087
56999,0.188100263,0.653499961
57000,0.1331,1.976
57004,0.1331,1.7
57006,0.188100263,0.5197
57007,0.1331,1.7
57009,0.1331,1.03839993
57010,0.1331,1.11159992
57011,0.1331,1.7
57012,0.0871002674,2.7182
57013,0.1331,1.5933
57016,0.1881,1.468
57020,0.1331,1.93
57024,0.1331,1.16680014
57026,0.1331,1.2
57035,0.1331,1.2
57038,0.1881,1.468
57040,0.1881,1.33100009
57041,0.1881,1.54020011
57042,0.1881,1.29390013
57043,0.1881,1.30390012
57044,0.1881,1.83520007
57045,0.1881,2.096
57046,0.1881,1.30340016
57047,0.1881,1.46380007
57049,0.1881,1.29360008
57050,0.1881,1.28880012
57051,0.188100263,1.2923
57052,0.188100263,1.3713
57053,0.188100263,1.6421
57054,0.188100263,1.30179989
57055,0.188100263,1.68000031
57056,0.1881,0.701700091
57059,0.1881,1.6220001
57060,0.1881,0.700500131
57061,0.1881,1.30609989
57063,0.1881,1.2571
57067,0.428,1.38490009
57074,0.1881,1.468
57076,0.428,1.49320006
57077,0.1331,1.03990006
57081,0.1331,1.816
57082,0.428,1.4410001
57084,0.1331,1.10470009
57085,0.4281,1.4
57086,0.4281,1.28070009
57087,0.1881,1.18230009
57088,0.1331,1.19510007
57089,0.1331,0.925800085
57090,0.1331,1.18700016
57091,0.1331,1.21670008
57092,0.1331,1.24400008
57093,0.1331,1.40790009
57094,0.1331,1.29850006
57095,0.1331,1.60540009
57096,0.1331,1.2456001
57097,0.1331,1.30290008
57098,0.1331,1.25670016
57099,0.1331,1.31760013
57100,0.1331,1.19810009
57103,0.1331,1.976
57105,0.1331,1.56480014
57108,0.1331,1.10840011
57111,0.1881,1.468
57112,0.1331,0.786000133
57113,0.1331,0.871300101
57116,0.1331,1.976
57120,0.1331,1.976
57126,0.1331,1.816
57138,0.133100271,0.990399957
57139,0.133100271,0.592099965
57140,0.133100271,0.5577
57141,0.133100271,0.5572
57143,0.133100271,0.782
57147,0.1881,1.468
57148,0.188100263,0.5083
57150,0.133100271,0.9421
57151,0.188100263,0.3275
57152,0.133100271,0.818699956
57153,0.133100271,0.5743
57154,0.188100263,0.3131
57155,0.188100263,0.7976
57156,0.188100263,0.9328
57157,0.133100271,1.08999991
57158,0.188100263,0.963399947
57159,0.133100271,0.395
57160,0.133100271,0.8831
57162,0.133100271,0.6619
57163,0.133100271,0.754099965
57165,0.188100263,0.9895
57185,0.1881,1.468
57187,0.37010026,0.4142
57195,0.37010026,2.20000029
57202,0.188100263,1.1103
57205,0.0871002674,2.37400031
57212,0.133100271,1.5941999
57217,0.1881,1.468
57218,0.188100263,1.69600022
57221,0.188100263,0.7518
57222,0.1271,1.53550017
57226,0.188100263,0.9249
57227,0.1271,1.82
57228,0.188100263,1.22579992
57230,0.188100263,1.0791
57232,0.188100263,0.8986
57234,0.37010026,1.1551
57238,0.37010026,0.8508
57246,0,0
57250,0.1881,1.468
57251,0.388100266,0.4807
57255,0.188100263,1.64469993
57256,0.348100275,0.931099951
57262,0.348100275,0.513099968
57263,0.188000262,0.576299965
57266,0.188100263,1.00669992
57271,0.1881,1.696
57272,0.1881,0.799200118
57277,0.188100263,0.9263
57280,0.188100263,0.840599954
57281,0.188100263,0.890099943
57288,0.1881,1.468
57289,0.1331,1.816
57290,0.1331,0.756500125
57291,0.1331,0.769300103
57292,0.1331,0.792900085
57294,0.1331,0.774300098
57295,0.1331,0.803800106
57296,0.1331,1.01180017
57297,0.1331,0.908700109
57298,0.1331,0.822700143
57301,0,0
57302,0,0
57304,0.48,0.928600132
57305,0.48,1.26670015
57306,0.48,1.31130016
57347,0.1881,0.722500086
57350,0.188100263,0.225000009
57366,0.48,1.18260014
57367,0.48,1.55970013
57368,0,0
57369,0.48,1.53920007
57370,0.48,1.43490016
57371,0.4281,1.48280013
57374,0.1331,0.610600114
57377,0.1881,1.468
57381,0.188100263,0.4424
57382,0.1331,0.745100141
57383,0,0
57388,0.188100263,1.0346
57391,0.188100263,1.3366
57392,0.188100263,1.29899991
57393,0.1501,0.837600112
57394,0.188100263,1.2543999
57395,0.1331,1.27340007
57396,0.1331,1.50120008
57397,0.1331,0.947000086
57399,0.1881,1.33740008
57400,0.1271,1.51560009
57401,0.1881,1.4977001
57402,0.0871,1.28370011
57403,0.1881,0.867500126
57407,0.1881,1.468
57409,0.188100263,0.392
57410,0.1881,0.433300108
57411,0.188100263,1.0838
57415,0.188100263,0.9578
57418,0.1331,1.42680013
57419,0.1881,1.51420009
57427,0.1331,0.160300121
57428,0.1331,0.166600123
57429,0.1881,1.39630008
57430,0,0
57431,0.428,0.585000098
57432,0.1881,1.36450016
57433,0,0
57434,0.1881,1.33410013
57436,0,0
57437,0.1331,1.31360006
57438,0.1881,1.24670017
57439,0.1881,1.27970016
57440,0.1881,0.860500097
57443,0.1881,1.468
57444,0,0
57445,0,0
57446,0,0
57447,0.428,0.505000114
57449,0.428,0.527200103
57450,0.1331,1.36890006
57454,0.1331,1.3711
57460,0.1331,0.2631
57463,0.1881,0.931900144
57464,0.1881,0.852700114
57465,0.1881,1.24810016
57466,0.1881,1.696
57468,0.1331,1.29870009
57472,0.1881,1.468
57475,0.1881,1.468
57482,0.428,1.6
57487,0.1881,1.696
57489,0.1881,1.27340007
57490,0.1881,1.43930006
57492,0.1881,1.2808001
57498,0.1331,0.506200135
57499,0.1331,0.505800128
57500,0.1331,0.508100092
57504,0.1331,1.34080017
57505,0.1881,0.41350013
57510,0.188100263,0.555799961
57511,0.188100263,1.0697
57512,0.1881,0.215300113
57513,0.1881,0.27060011
57514,0.1881,0.649600089
57515,0.1881,0.622700095
57516,0.1881,0.255800128
57517,0.1881,0.554800093
57518,0.1881,0.415100127
57519,0.1331,0.390300125
57520,0.1331,0.597300112
57521,0.1331,1.13130009
57522,0.1331,1.7
57524,0.1331,1.7
57527,0.1881,1.468
57528,0.1331,1.7
57529,0.1331,1.7
57535,0.1881,1.696
57536,0.1881,0.561800122
57538,0.1881,1.16070008
57539,0.1881,1.49110007
57540,0.1881,1.30640006
57541,0.1881,1.39150012
57548,0.1881,0.750400126
57552,0.1881,0.989900112
57556,0.1881,1.1663
57559,0.1881,1.468
57568,0.2001,1.28640008
57573,0.188,0.518100142
57574,0.188,0.417900115
57575,0.188,2.035
57576,0.188,1.84200013
57578,0.1331,1.7
57579,0.1331,0.886
57580,0.1331,0.930099964
57581,0.1331,0.362200081
57582,0.1331,0.370500118
57584,0.1881,1.62290013
57587,0.1881,1.468
57589,0.180100262,1.70000029
57592,0.180100262,1.70000029
57593,0.180100262,0.3539
57594,0.108100265,0.325
57597,0.188100263,0.5056
57598,0.188100263,0.509499967
57610,0.2001,1.65
57612,0.1881,1.06620014
57616,0.1881,1.468
57618,0.13300027,0.6642
57620,0.133,0.966500103
57621,0.0871002674,0.5384
57622,0.133,0.844700098
57623,0.1881,0.905400097
57624,0.1881,0.631000102
57625,0.1881,1.269
57626,0.1331,0.919300139
57627,0.1881,1.40490007
57628,0.1331,0.937900126
57629,0.1881,1.27270007
57630,0.1331,0.748100102
57631,0.1881,1.27830017
57632,0.1331,1.06660008
57633,0.1881,1.3071
57634,0.133,1.28130007
57635,0.1331,0.980200112
57636,0.1331,1.976
57637,0.1331,1.32060015
57638,0.1881,1.34030008
57639,0.1331,0.945100129
57640,0.1881,1.33100009
57641,0.1331,1.0466001
57644,0.188100263,1.46800029
57645,0.127100274,0.142
57655,0.1881,2.096
57657,0.200100273,1.95000029
57660,0.1881,1.30530012
57661,0.1881,1.22180009
57665,0.1881,1.35870016
57667,0.1881,1.30310011
57672,0.1331,1.976
57673,0.0871002674,0.8993
57674,0.1331,1.976
57675,0.0871002674,1.0848
57677,0.0871002674,0.9413
57678,0.1331,1.31480014
57682,0.1881,1.468
57683,0.0871002674,0.953399956
57684,0.0871002674,0.640199959
57685,0.0871002674,0.5782
57689,0.1331,1.976
57690,0.0871002674,1.66609991
57691,0.0871002674,1.759
57694,0.0871002674,2.80100036
57695,0.0871002674,2.7308
57697,0.0871002674,1.2685
57698,0.133100271,0.208300009
57703,0.1331,0.839000106
57705,0.133,0.851700127
57706,0.133,1.5
57708,0.133,0.996200085
57711,0.1881,1.468
57713,0.133,1.5
57714,0.133,1.49880016
57715,0.133,1.5
57716,0.133,1.5
57718,0.133,1.11820006
57720,0.0871002674,2.32539988
57721,0.133,1.01360011
57723,0.133,0.995600104
57725,0.133,0.967000127
57727,0.133,1.29080009
57729,0.133,1.13070011
57730,0.133,1.07480013
57731,0.133,1.09460008
57732,0.133,1.09450006
57733,0.188100263,1.67000031
57734,0.0871002674,1.7138
57736,0.188100263,0.30000028
57739,0.251100272,0.4035
57743,0.1881,1.468
57746,0.1331,1.72300017
57747,0.133100271,2.43000031
57748,0.1331,1.62900007
57749,0.133100271,1.92589986
57751,0.1331,1.976
57752,0.1331,1.04940009
57753,0.1331,1.976
57755,0.1331,1.976
57756,0.1331,1.976
57766,0.1331,1.08850014
57770,0.251100272,1.01239991
57772,0.251100272,0.646299958
57775,0.100099996,1.79250014
57776,0.100099996,1.79390013
57777,0.100099996,1.79460013
57778,0,0
57780,0.251100272,0.505199969
57781,0.251100272,0.987599969
57785,0.1881,1.696
57787,0.1881,1.42580009
57789,0.1881,1.3598001
57791,0.1331,0.903399944
57793,0.1331,0.796099961
57798,0.100100264,2.41000032
57801,0.1881,1.468
57802,0.133100271,1.91400027
57809,0.133100271,1.91400027
57817,0.1331,1.86290014
57818,0.1881,0.770800114
57819,0.1331,1.6584
57821,0.1331,1.59450006
57822,0.1881,1.34290016
57823,0.1331,1.34240007
57824,0.188100263,1.62600029
57825,0.133100271,0.3631
57826,0.1881,1.63
57827,0.1331,1.22460008
57828,0.188100263,1.63000023
57829,0.1331,1.976
57831,0.1881,1.63
57832,0.1331,1.28360009
57834,0.100099996,0.272900015
57835,0.1881,1.2154001
57838,0,0
57839,0,0
57843,0.1881,1.468
57846,0.2001,1.65
57847,0.2001,1.65
57849,0.2001,1.65
57868,0.1881,1.468
57875,0.228,1.3591001
57881,0.2281,0.374000102
57882,0,0
57884,0.2681,0.329400122
57886,0.388,1.06430006
57887,0.388,1.10040009
57888,0.388,1.17630017
57890,0.2681,1.13630009
57891,0.2281,0.371900111
57892,0.2681,1.23950016
57894,0.2281,0.397900105
57895,0.428,1.2262001
57896,0.2281,0.377500117
57897,0.2281,0.392600119
57898,0.2281,0.367500126
57900,0.2281,1.4501
57901,0.2281,1.41140008
57902,0,0
57903,0.2281,1.7
57907,0.1881,0.744100094
57909,0.1881,0.524600089
57910,0.1881,0.581100106
57911,0.1881,1.468
57912,0.428,1.2137
57913,0.428,1.05380011
57914,0.428,1.17770016
57915,0.428,1.16540015
57916,0.1271,0.19460012
57918,0.1271,0.387300104
57920,0.428,1.20000017
57922,0,0
57924,0.1271,0.631700099
57926,0,0
57928,0.1271,0.619800091
57930,0.388,1.19650006
57931,0.2681,1.2137
57932,0.2681,0.381700128
57933,0.2681,1.21690011
57934,0.388,0.912100136
57935,0.388,0.930700123
57936,0.5001,1.43540013
57937,0.5001,1.40590012
57938,0.388,0.923500121
57939,0.388,0.938800097
57940,0.5001,1.44910014
57941,0.5001,1.46100008
57942,0,0
57943,0,0
57944,0.388,0.973300099
57945,0.6201,1.42580009
57946,0.6201,1.38770008
57949,0.1881,1.468
57950,0.1271,0.753200114
57951,0.1331,1.976
57955,0.1271,0.195100114
57961,0.1331,1.976
57965,0.1331,1.976
57972,0.1331,1.976
57973,0.1331,1.976
57974,0.1271,0.83220011
57976,0.1271,0.202100113
57978,0.2001,0.859100103
57979,0.0611002669,0.4917
57980,0.2001,0.663000107
57981,0.0611002669,0.6317
57982,0.0611002669,0.633399963
57984,0.2001,0.628500104
57988,0.1881,1.468
57989,0.2681,1.24740016
57990,0.133,1.5
57991,0.2001,0.586400092
57992,0.2681,1.22580016
57993,0.2001,0.813600123
57994,0.1331,1.32690012
57995,0.1881,1.8131001
57996,0,0
57997,0.1881,1.83
57999,0.1881,1.89910007
58000,0.1331,1.06110013
58001,0.1881,1.71240008
58002,0.188100263,0.787399948
58003,0.1881,0.992500126
58004,0.1881,1.73070014
58005,0.0611002669,0.6385
58006,0.1881,1.72720015
58007,0.1881,0.6177001
58008,0.1881,1.60820007
58009,0.1271,0.45720011
58010,0.1881,0.783200085
58011,0.1271,0.249900118
58012,0.1881,1.14940012
58013,0,0
58014,0.0611002669,0.2842
58015,0.133100271,0.2533
58016,0.1271,0.177700117
58017,0.133100271,0.3489
58018,0,0
58019,0,0
58020,0.2001,0.675600111
58021,0,0
58022,0,0
58054,0.1881,0.371300131
58055,0.1881,0.494400114
58056,0.1881,1.468
58057,0.1881,1.468
58059,0.1881,1.468
58060,0.1881,0.91
58061,0.1881,0.884000063
58068,0.1881,0.91
58070,0.1321,0.364500105
58071,0.1321,0.338700086
58072,0.1321,0.284600109
58073,0.1321,0.164700106
58077,0.2511,0.943300128
58081,0.1881,1.468
58093,0.0871,2.4286
58095,0.2511,1.07870007
58096,0.188100263,1.77000022
58097,0.0871,2.4237
58099,0.0871002674,2.47700024
58101,0.2001,1.14910007
58106,0.188100263,1.77000022
58108,0.2001,1.25830007
58111,0.100099996,1.82520008
58112,0.100099996,1.82780015
58113,0.2511,1.06290007
58118,0.251100272,0.986399949
58122,0.251,1.547
58130,0.051099997,0.0601001196
58132,0.051099997,1.60330009
58138,0.150100261,1.3384
58140,0.0511002652,0.7683
58141,0.0511002652,0.7
58142,0.0511002652,0.658199966
58143,0.051099997,1.20240009
58144,0.051099997,1.20420015
58145,0.251000255,0.522799969
58147,0.100099996,1.90820014
58148,0.100099996,1.74670017
58149,0.100099996,1.80340016
58150,0.100099996,1.81880009
58151,0.100099996,1.82850015
58152,0.100099996,1.81960011
58153,0.051099997,1.20530009
58158,0.1881,1.468
58159,0.2281,0.489700109
58160,0.2281,1.65870011
58161,0.2281,0.847300112
58162,0.2281,0.488600105
58163,0.2281,0.417300105
58164,0.2281,0.413100123
58165,0.2281,0.311300129
58167,0.1881,1.63
58168,0.188100263,0.709499955
58171,0.1881,1.63
58172,0.0871,2.6651
58173,0.0871,2.66830015
58174,0.1881,1.43910015
58175,0.0871002674,2.48759985
58180,0.2281,0.431200117
58181,0.1881,1.4762001
58182,0.2281,1.8
58183,0.1881,1.658
58184,0.2281,0.288700104
58185,0.1881,1.658
58186,0,0
58189,0.1881,1.468
58191,0.1881,1.33310008
58192,0.1881,1.29110014
58193,0.1881,1.25690007
58194,0.1881,1.12360013
58195,0.1881,1.26600015
58196,0.1881,1.39380014
58197,0.1881,1.26650012
58198,0.1881,1.29060006
58199,0.1881,1.28290009
58200,0.1881,1.2525
58201,0.1881,1.27600014
58203,0.2281,0.727400124
58204,0.2281,0.85890013
58205,0.2281,0.888400137
58217,0.2281,0.266500115
58218,0.2281,0.597100139
58219,0,0
58220,0,0
58224,0,0
58226,0.1881,0.396500111
58228,0.1881,0.60920012
58229,0.1881,0.424900115
58230,0.1881,0.42170012
58231,0.1881,0.396800131
58232,0.1881,0.363400131
58234,0.1881,0.606200099
58235,0.2681,0.463300109
58236,0.2281,0.555900097
58237,0.2281,0.576600134
58238,0.1331,1.85410011
58239,0.1331,0.779900134
58241,0.1331,0.95810014
58242,0.1331,0.956500113
58243,0,0
58244,0,0
58245,0.0871,2.477
58251,0.0871,2.0847
58252,0.0871,2.4937
58256,0.0871,2.477
58261,0.251100272,1.14819992
58263,0.188100263,1.46800029
58264,0.1881,1.2848
58266,0.188100263,1.89600027
58268,0.22810027,1.80000031
58271,0.1331,1.708
58272,0.133100271,1.22649992
58273,0.1331,1.708
58276,0.1331,1.22630012
58281,0.1331,0.370100111
58282,0.4281,1.42070007
58283,0.1331,1.13980007
58284,0.4281,0.429500103
58286,0.1331,1.784
58287,0.4281,1.53180015
58288,0.4281,1.53740013
58292,0.1881,1.468
58294,0.188100263,0.3396
58295,0.1881,1.896
58296,0.1881,1.2118001
58299,0.1881,1.22420013
58300,0.1881,1.22650015
58301,0.1881,0.383300126
58302,0.1881,0.383500129
58303,0.1881,1.23210013
58305,0.1881,1.4479
58306,0.1881,1.29640007
58307,0.1881,1.34310007
58308,0.1881,1.26430011
58309,0.1881,1.29720008
58310,0.1881,1.24830008
58317,0.1881,1.468
58329,0.2281,0.428600103
58330,0.2281,0.424200118
58332,0.1881,1.4
58336,0.1881,0.688800097
58339,0.1881,0.708200097
58341,0.1881,1.11560011
58345,0.1881,1.896
58346,0.1881,1.21770012
58347,0.1881,1.22540009
58349,0.1881,1.896
58355,0.188100263,1.46800029
58356,0.1881,1.40380013
58357,0.1881,1.28320014
58358,0.1881,1.26420009
58359,0.1881,0.852900088
58360,0.1881,1.09480011
58361,0.1881,1.4
58362,0.1331,1.21650016
58363,0.188100263,0.77639997
58365,0.1881,0.423100114
58367,0.188100263,0.7211
58368,0.2281,1.60900009
58369,0.188100263,0.7809
58370,0.1881,1.12220013
58371,0.1881,0.739700139
58372,0.2281,1.74140012
58374,0.2281,1.56800008
58376,0.1881,1.56870008
58378,0.1881,1.28900015
58380,0.1881,1.674
58383,0.3481,0.435400128
58384,0.1881,1.52320015
58388,0.1881,1.42400014
58389,0.1881,1.39280009
58390,0.1331,1.3071
58391,0.1881,1.2456001
58399,0.2511,0.854700089
58400,0.1881,1.468
58403,0.1881,1.64840007
58404,0.1881,1.69350016
58405,0.1881,0.585400105
58406,0.1331,1.34780014
58407,0.1331,1.40440011
58408,0.1331,1.23110008
58409,0.1331,1.976
58410,0.1331,1.976
58414,0.1881,1.23990011
58415,0.1881,1.09960008
58416,0.1881,0.864000142
58417,0.1881,0.899800122
58418,0.1271,0.175600111
58419,0.1271,1.35290015
58424,0.188100263,1.73579991
58429,0.188100263,1.77000022
58433,0.188100263,1.77000022
58436,0.1881,1.468
58443,0.1881,1.64
58449,0.1881,1.61520016
58451,0.2001,1.65
58453,0.1881,0.291500121
58457,0.1331,0.901299953
58460,0.2281,1.708
58461,0.1881,1.816
58462,0.1881,0.994400084
58463,0.1881,0.790400088
58464,0.1881,0.963200092
58465,0.1881,0.596600115
58466,0.1881,0.329900116
58467,0.1881,0.989300132
58468,0.1881,0.301100105
58470,0.1881,0.489500105
58473,0.1881,1.468
58483,0.0871002674,2.47700024
58486,0.1881,1.49650013
58488,0.1881,0.340600103
58489,0.1881,0.342900127
58490,0.1881,1.83200014
58491,0.1881,0.823900104
58495,0.188100263,1.89600027
58498,0.1271,0.644000113
58505,0.1881,1.468
58506,0.1881,0.465800107
58507,0.1271,1.27810013
58508,0.1271,0.561500132
58511,0.0871002674,2.47700024
58520,0.0871,2.497
58521,0.0871,2.36600018
58522,0.1881,1.56960011
58526,0.1881,1.07340014
58528,0.1881,0.533900142
58530,0.1881,1.1127001
58532,0.1881,1.22580016
58535,0.1881,1.11640012
58540,0.2511,1.01200008
58541,0.251100272,0.5185
58542,0,0
58543,0,0
58544,0,0
58546,0.131,0.614100099
58551,0.131,0.790400088
58552,0.131,1.6711
58554,0.6001,0.643100142
58555,0.5001,0.753400087
58557,0,0
58558,0,0
58562,0.500000238,0.5157
58563,0.500000238,0.5147
58565,0,0
58566,0.500000238,0.5049
58567,0,0
58570,0,0
58571,0.1881,1.06340015
58572,0.1881,1.03180015
58573,0.1881,1.2628001
58574,0.1881,1.21760011
58575,0.1331,0.593300104
58576,0.1881,1.02970016
58589,0.0871,2.286
58598,0,0
58605,0,0
58618,0.1881,1.468
58642,0.0871,2.497
58658,0,0
58660,0,0
58661,0,0
58664,0.5001,1.0001
58675,0.0871,2.49560022
58676,0.0871,2.2111
58686,0.133100271,1.91400027
58691,0.1881,1.468
58710,0.2281,1.25340009
58714,0.37010026,0.500000238
58715,0.37010026,2.20000029
58717,0.37010026,2.20000029
58720,0.3701,2.2
58721,0.37010026,2.20000029
58722,0.37010026,2.1796
58723,0.37010026,2.20000029
58726,0.188100263,0.813999951
58728,0.3481,0.57520014
58729,0.2281,1.81550014
58736,0.0871002674,1.9057
58745,0.3701,2.2
58746,0.3701,2.2
58748,0.3701,2.2
58750,0.1331,1.43750012
58751,0.1331,1.51580012
58752,0.3701,2.2
58754,0.3701,2.2
58756,0.1331,1.714
58760,0.1881,1.468
58763,0.1331,1.20300007
58783,0.0871002674,0.3072
58785,0.1331,1.06710017
58793,0.0871,2.68830013
58798,0.1881,1.468
58803,0.188100263,1.77000022
58804,0.3701,2.2
58806,0.3701,2.2
58813,0.37010026,2.20000029
58816,0.0871,2.7065
58817,0.0871,2.7204
58820,0.0871,2.7248
58823,0.0871,2.7181
58828,0.0871,1.7604
58831,0.1331,0.930700123
58867,0.1881,1.468
58868,0.2281,1.708
58869,0.2281,1.58780015
58870,0.2281,0.335900128
58871,0.2281,0.340300113
58872,0.2281,1.708
58873,0.2281,1.708
58874,0.2281,1.708
58876,0.2281,1.55340016
58877,0.2281,1.60940015
58878,0.2281,1.708
58885,0.22810027,1.77689993
58886,0.22810027,1.4497999
58887,0.1881,1.47890007
58888,0.133100271,0.7748
58889,0.1881,1.896
58890,0.133100271,0.861
58891,0.1881,1.896
58893,0.1331,0.869400144
58895,0.1881,1.14960015
58896,0.1331,0.603400111
58898,0.1331,0.375600129
58899,0.1881,1.14350009
58900,0.1331,0.394200116
58901,0.1881,0.397200108
58902,0.1331,1.14680016
58903,0.1881,1.08200014
58904,0.1331,0.598700106
58906,0.1331,0.607100129
58912,0.1881,1.468
58914,0.2281,1.14770007
58915,0.2281,0.831800103
58918,0.1331,1.64840007
58919,0.2281,0.664400101
58920,0.1331,1.53180015
58921,0.2281,1.51250017
58922,0.2281,1.5602001
58923,0.1331,0.230400115
58925,0.1331,1.842
58931,0.188100263,1.77000022
58933,0.188100263,0.3034
58934,0.188100263,1.77000022
58936,0.188100263,1.71629989
58944,0.1881,1.468
58947,0.1881,1.15860009
58948,0.1331,1.32880008
58950,0.1331,1.31970012
58951,0.2281,0.304500103
58953,0.1331,1.976
58954,0.2281,0.325400114
58955,0.1881,1.678
58962,0.2281,0.43930012
58965,0.2281,0.837800086
58966,0.2281,1.04810011
58967,0.2281,0.561300099
58970,0.1881,1.468
58971,0.1271,1.82
58972,0.133100271,0.20660001
58976,0.1331,1.21580017
58977,0.1271,1.42720008
58981,0.1271,1.82
58984,0.1271,1.82
58986,0.1271,1.82
58989,0.1271,1.82
58990,0.2281,0.433500111
58993,0.1331,1.88450015
58994,0.1331,1.31870008
58996,0.2281,0.388000131
58998,0.2281,1.708
59004,0.2281,0.369100124
59024,0.1881,1.468
59028,0.2001,1.65
59032,0.2001,1.65
59034,0.1331,0.7506001
59043,0.1331,0.311500132
59051,0.105100267,1.93000031
59059,0.1881,1.468
59060,0.133,1.35240006
59061,0.133,1.8
59062,0.133,1.12290013
59063,0.133,1.62730014
59064,0.133,1.76560009
59065,0.133,1.44230008
59066,0.133,1.47930014
59067,0.2281,1.2065
59068,0.2281,1.33310008
59069,0.3481,0.783000112
59070,0.133,1.12450016
59071,0.3481,0.653600097
59072,0.133,1.8
59073,0.133,1.77340007
59074,0.2281,0.652800143
59075,0.133,1.33690012
59076,0.133,1.76950014
59077,0.133,1.33570015
59078,0.133,1.50330007
59079,0.1881,1.3756001
59080,0.1881,1.776
59081,0.1881,0.596900105
59082,0.1881,1.49480009
59085,0.1881,1.08340013
59087,0.3701,2.2
59088,0.1881,1.56660008
59089,0.1881,1.09450006
59090,0.1881,1.44260013
59091,0.1881,1.38840008
59092,0.1881,1.29620016
59093,0.1881,1.28440011
59094,0.1881,1.31430006
59097,0.1881,1.468
59100,0.2001,1.65
59114,0.105100267,1.93000031
59115,0,0
59116,0,0
59117,0,0
59118,0,0
59121,0,0
59123,0.1331,1.78930008
59127,0.1331,1.976
59134,0.1331,1.976
59137,0.1881,1.468
59142,0.0511002652,2.47000027
59146,0.0511002652,2.47000027
59147,0.1881,0.586800098
59148,0.0511002652,2.47000027
59152,0.0511002652,2.47000027
59157,0.1331,1.742
59166,0.2281,1.708
59168,0.1331,0.685800135
59170,0.1331,0.904900134
59180,0.1881,1.468
59182,0.0871,2.2035
59183,0.0871,1.99950016
59184,0.2281,1.03180015
59185,0.0871,2.209
59186,0.0871,1.9888
59187,0.0871,1.74620008
59191,0.0871,1.91450012
59192,0.0871,1.74440014
59193,0.0871,2.0170002
59194,0.0871,2.37020016
59196,0.0871,1.8361001
59197,0.0871,2
59198,0.0871,1.93590009
59199,0.0871,2
59200,0.0871,1.8947
59201,0.0871,2
59202,0.0871,2
59203,0.0871,1.69730008
59206,0.1881,1.468
59209,0.1331,0.997800112
59210,0.1331,0.915100098
59211,0.1331,0.912400126
59212,0.1331,0.883300126
59213,0.1331,1.04500008
59215,0.1331,0.82310009
59218,0.1331,1.02900016
59220,0.1331,1.67350006
59224,0.3601,2
59225,0.1881,1.11910009
59227,0.3601,1.95
59229,0.1881,0.37800011
59231,0.3601,1.95
59234,0.1881,1.468
59235,0.1331,1.6
59236,0.1331,1.6
59237,0.1331,1.6
59241,0.1271,0.580600142
59242,0.1271,0.573600113
59244,0.0871,2
59245,0.0871,2
59246,0.0871002674,1.52159989
59247,0.0871002674,1.5273999
59248,0.0871002674,2.00000024
59249,0.0871002674,2.00000024
59250,0.0871002674,2.00000024
59252,0.0871002674,1.72489989
59253,0.1331,0.217200115
59254,0.1331,0.558800101
59257,0.1331,0.991100132
59258,0.1331,1.4453001
59261,0.1331,1.55180013
59268,0.1881,1.468
59275,0.1331,0.656100094
59277,0.1331,1.17580009
59279,0.1331,1.29270017
59280,0.1331,1.1591
59281,0.1331,0.529000103
59283,0.1331,0.892600119
59285,0.1271,1.82
59286,0.1271,1.82
59287,0.2281,0.431600124
59288,0.2281,0.44020012
59289,0.1881,1.05920017
59290,0.1881,0.379800111
59291,0.1881,1.0660001
59292,0.1271,1.891
59293,0.1881,0.401700109
59294,0.1271,1.891
59295,0.1881,1.08130014
59297,0.133,1.34920013
59298,0.133,1.34960008
59300,0.1331,0.73390013
59301,0.1331,0.663300097
59302,0.1331,1.35710013
59303,0.1271,1.82
59322,0.0511002652,2.53000021
59333,0.0871002674,1.72059989
59334,0.0871002674,1.7263999
59335,0.0871002674,1.72489989
59336,0.0871,1.86850011
59337,0.0871,2
59338,0.0871002674,1.7211
59339,0.0871002674,1.7213999
59340,0.0871002674,1.72299993
59341,0.0871002674,1.5041
59344,0.1881,1.468
59347,0.0511002652,2.53000021
59348,0.1271,1.2046001
59350,0.1271,1.50620008
59352,0.1331,1.6
59355,0.1331,0.491300106
59356,0.1271,1.69380009
59359,0.1331,1.6
59360,0.0511002652,2.53000021
59361,0.188,1.6
59362,0.0871002674,2.7122
59381,0.1881,1.468
59382,0.0871,1.10870016
59383,0.0871,0.560300112
59384,0.0871,2.80099988
59385,0.0871,2.71360016
59387,0.0871,1.03270006
59388,0.0871,1.45840013
59390,0.0871,1.7125001
59391,0.0871,1.67680013
59393,0.1331,2.80099988
59398,0.428,1.528
59399,0,0
59402,0.1881,1.468
59403,0.428,1.29270017
59404,0,0
59405,0.428,1.33290017
59406,0.428,1.26550007
59407,0.428,1.27670014
59408,0,0
59410,0.428,1.26850009
59412,0.1331,1.3157
59413,0.1331,1.32570016
59414,0.1331,2.134
59415,0.1331,1.22440016
59416,0.1331,0.758600116
59417,0.1331,2.14090014
59422,0.428,1.528
59426,0.1331,2.1324
59427,0.1331,1.9625001
59429,0.1331,1.07080007
59430,0.1331,2.056
59431,0.1331,2.0352
59435,0.1881,1.468
59436,0.188100263,0.904499948
59437,0.188100263,1.77000022
59439,0.1881,1.9005
59444,0.1881,1.72
59445,0.1881,1.72
59448,0.1881,1.765
59452,0.1881,1.468
59453,0.1881,1.98510015
59454,0.1881,1.91910017
59456,0.188100263,1.77000022
59460,0.188100263,1.5731
59468,0.1881,1.7683
59476,0.1881,0.726700127
59477,0.1881,0.638900101
59479,0.133100271,0.408900082
59481,0.133100271,0.489300072
59482,0.133100271,0.734800041
59483,0.133100271,1.70000029
59484,0.133100271,0.691600084
59485,0.133100271,0.696100056
59488,0.1881,1.468
59491,0.0511002652,2.53000021
59492,0.1881,1.94910014
59493,0.0511002652,2.53000021
59497,0.1881,1.95
59498,0.133100271,0.533100069
59499,0.0511002652,2.53000021
59500,0.0511002652,2.53000021
59502,0.133100271,0.305600107
59503,0.133100271,1.70000029
59504,0.0511002652,2.53000021
59505,0.0511002652,2.53000021
59506,0.0511002652,2.3678
59507,0.133100271,1.0128
59508,0.0511002652,2.53000021
59511,0.0511002652,2.4815
59512,0.133100271,0.657200038
59513,0.0511002652,2.39909983
59515,0.1881,0.861900091
59518,0.0511002652,1.24599993
59519,0.1881,0.941400111
59520,0.133100271,0.69780004
59522,0.0511002652,2.3688
59523,0.133100271,0.747000039
59526,0.1881,1.468
59527,0.1881,1.72
59528,0.1881,1.72
59529,0.1881,1.72
59530,0.1881,1.72
59531,0.1881,1.72
59532,0.1881,1.35710013
59535,0.1881,1.72
59537,0.1881,1.72
59538,0.1881,1.8243
59539,0.1881,1.82370007
59540,0.1881,0.879800141
59546,0.1881,1.468
59547,0.22810027,2.0574
59549,0.22810027,0.457
59550,0,0
59552,0.22810027,1.1703999
59553,0.22810027,1.0899
59554,0.1331,0.573200107
59555,0.22810027,1.2032
59556,0.22810027,1.41669989
59558,0.1331,1.7
59562,0.1881,0.522900105
59563,0.1881,0.529200137
59564,0.2281,0.495800108
59565,0.1331,1.6
59567,0.2281,1.948
59573,0.2281,1.7578001
59575,0.2281,1.69910014
59576,0.1331,1.6
59579,0.1881,1.468
59581,0.133,0.999500096
59583,0.133,1.26670015
59585,0.2281,0.631000102
59587,0.1331,1.6
59590,0.22810027,1.38799989
59593,0.1881,1.78780007
59594,0.22810027,1.5162
59595,0.1881,1.78860009
59596,0.22810027,0.3737
59597,0.2281,1.17070007
59598,0.1331,1.1441
59599,0.2281,0.837500095
59600,0.22810027,1.52800024
59601,0,0
59603,0.2281,1.56370008
59604,0.22810027,0.3067
59605,0.2281,1.55110013
59606,0.22810027,0.3059
59607,0.308,0.504400134
59608,0.1331,0.960499942
59611,0.1881,0.645200133
59615,0.1881,1.468
59616,0.0511002652,2.30499983
59618,0.0511002652,2.5159
59619,0.0511002652,2.51759982
59620,0.0511002652,2.52159977
59621,0.0511002652,2.5152998
59622,0.0511002652,2.51569986
59624,0.0511002652,2.34679985
59625,0.0511002652,2.3414
59630,0.1271,1.82
59631,0.0511002652,2.517
59634,0.0511002652,2.51499987
59635,0.1271,1.59960008
59638,0.2281,1.58850014
59643,0.4281,1.44300008
59644,0.4281,1.41560006
59645,0.4281,1.38590014
59652,0.1881,1.468
59654,0.0871,1.939
59655,0.388,1.22830009
59659,0.2281,1.7532
59660,0.2281,1.7611
59661,0.5001,1.52670014
59662,0,0
59663,0.428,1.20840013
59664,0.428,1.18000007
59665,0.188100263,0.2636
59666,0.1881,0.2078
59667,0.6201,0.657000124
59668,0.1881,1.72
59669,0.6201,1.14910007
59675,0.6201,0.623100102
59677,0.6201,1.20230007
59678,0.22810027,0.4104
59680,0.388,1.06660008
59684,0.1881,1.468
59685,0.1271,1.43440008
59687,0.1271,1.18930006
59688,0.105100267,0.6763
59689,0.1271,1.23210013
59690,0.105100267,0.7432
59691,0.1271,1.867
59692,0.105100267,1.77000022
59693,0.1271,1.867
59694,0.105100267,1.3196
59697,0.0871002674,1.37
59700,0.1271,1.70700014
59703,0.1271,1.5571
59705,0.1271,0.5825001
59707,0.1271,0.593800128
59708,0.1271,0.448200107
59709,0.1881,1.77
59711,0.1271,0.732300103
59714,0.1271,0.822000086
59721,0.1881,1.468
59722,0.1331,0.640500128
59723,0.1331,1.12330008
59724,0.1331,0.188600123
59725,0.3081,0.621700108
59726,0.2681,1.2001
59727,0.2681,1.12680006
59728,0.22810027,0.406499982
59732,0.22810027,0.4108
59737,0.2281,1.8
59738,0.1881,0.747200131
59739,0.1881,0.8131001
59740,0.1881,0.904900134
59741,0.1881,1.07800007
59742,0.1881,1.45
59743,0.1881,1.35660017
59744,0,0
59747,0,0
59748,0.4001,0.460000128
59749,0.1881,0.832000136
59750,0.1881,1.55430007
59751,0.1331,0.964900136
59752,0.1331,1.43580008
59753,0.1331,0.337100118
59754,0.1331,0.596400142
59759,0.1881,1.72
59763,0.1271,1.69950008
59764,0.1271,0.746000111
59765,0.1271,0.841800094
59771,0.188100263,1.64799988
59772,0.1271,1.82
59773,0.1271,0.830300093
59774,0.1271,1.07550013
59775,0.1271,1.09940016
59776,0.1271,1.82
59777,0.1271,1.82
59779,0.1271,1.82
59782,0.1271,1.27020013
59783,0.1271,1.82
59784,0.1271,0.80640012
59785,0.1271,0.860100091
59786,0.1271,1.1012001
59787,0.1271,0.874700129
59788,0.1271,0.721400142
59794,0.1881,1.45880008
59797,0.1881,1.468
59800,0.1881,1.77
59802,0.1881,0.239000112
59805,0.1881,0.245600119
59806,0.1271,0.58310014
59807,0.1271,0.600800097
59808,0.1271,1.82
59809,0.1271,1.42070007
59810,0.1271,1.59670007
59811,0.1271,1.68630016
59814,0.1271,1.57660007
59815,0.1271,1.50720012
59816,0.1271,0.936300099
59817,0.1271,1.82
59818,0.1271,1.82
59819,0.1271,1.82
59820,0.1271,1.8001
59824,0.1271,1.8
59825,0.1271,1.82
59828,0.1271,0.99390012
59829,0.1271,1.52
59830,0.1271,1.01810014
59831,0.1271,1.52
59861,0.2281,1.07270014
59863,0.2281,1.8
59871,0.1331,1.45
59873,0.1331,0.68930012
59874,0.1331,1.41360009
59875,0,0
59876,0.4001,0.631400108
59877,0.268,1.45
59878,0,0
59879,0,0
59880,0.268,0.370800108
59881,0.268,0.36010012
59882,0.268,0.564500093
59885,0.268,1.45
59886,0.268,0.441400111
59887,0,0
59888,0.7001,0.997000098
59889,0.7001,1.4151001
59890,0.7001,1.0358001
59891,0.2281,1.72440016
59892,0.2281,0.579700112
59893,0.2281,1.64
59894,0.2281,1.19910014
59901,0.1881,1.468
59902,0.1271,0.569200099
59905,0.3701,2.2
59906,0.3701,2.2
59907,0.1271,1.25040007
59908,0.3701,0.831500113
59910,0.3701,0.845400095
59911,0.5001,0.815900087
59912,0.5001,2.2
59913,0.3701,2.2
59914,0.3701,2.04
59915,0.3701,2.04
59916,0.3701,2.04
59928,0.1881,0.542500138
59931,0.3701,2.04
59933,0.3701,2.04
59934,0.3701,2.04
59935,0.3701,2.04
59936,0.3701,2.04
59938,0.3701,2.04
59940,0.188100263,0.449599981
59942,0.188100263,0.4682
59953,0.1881,0.569600105
59954,0.3601,1.95
59955,0.3601,1.95
59959,0.388,0.505000114
59965,0.388,0.974400103
59966,0.388,0.925600111
59970,0.388,0.960700095
59972,0.388,0.836900115
59973,0.388,0.898900092
59974,0.388,0.906800091
59975,0.388,0.963900089
59976,0.388,0.879900098
59977,0.388,0.956700087
59979,0.348,1.0013001
59981,0.348,1.03390014
59984,0.1881,1.468
59985,0.2281,1.5049001
59986,0.2281,0.232500121
59987,0.2281,0.677900136
59988,0.7001,1.0104
59990,0.6001,0.904900134
59992,0.2281,0.5200001
59997,0.2681,0.369100124
60000,0.1881,1.4501
60001,0.1881,0.874000132
60002,0.1881,1.45
60003,0.1881,0.851900101
60004,0.348,0.970900118
60005,0.388,0.94750011
60006,0.6001,1.28360009
60007,0.348,0.973900139
60008,0.348,1.01850009
60009,0.6001,0.626300097
60010,0,0
60011,0.6001,0.705300093
60012,0.388,1.1256001
60015,0.428,1.2671001
60018,0.428,1.528
60021,0.1881,1.468
60022,0.127100274,0.4005
60025,0.0871002674,2.47700024
60032,0.0871002674,1.80339992
60033,0.0871002674,2.17299986
60034,0.0871002674,2.0633
60035,0.0871,2.2
60038,0.0871,2.2
60039,0.0871,2.2
60043,0.1881,0.651900113
60044,0.127100274,1.3707
60045,0.360100269,0.4209
60049,0.360100269,0.4209
60053,0.360100269,0.7748
60054,0.360100269,0.8024
60055,0.450000256,0.724199951
60056,0.450000256,0.7495
60061,0.1331,0.355900109
60062,0.1331,0.319900125
60063,0.1331,0.319200128
60064,0.1331,0.334000111
60065,0.1331,0.622100115
60066,0.1331,1.43540013
60068,0.1331,1.12800014
60069,0.1331,1.45
60070,0.1331,1.45
60071,0.1331,0.908900142
60072,0.1331,1.04320014
60073,0.1331,0.759700119
60074,0.1331,1.45
60075,0.1331,1.22120011
60079,0.1881,1.468
60087,0.1881,1.77
60090,0.1331,1.22650015
60091,0.1331,1.45
60092,0.1331,1.24160016
60093,0.1331,1.45
60094,0.1331,1.45
60095,0.1331,0.71600014
60096,0.2681,0.434500128
60097,0.1331,1.45
60098,0.22810027,0.4097
60099,0.1331,1.42350006
60100,0.1331,1.38260007
60101,0.22810027,0.4152
60102,0,0
60103,1.4001,1.45
60104,1.4001,1.43260014
60105,1.4001,1.45
60108,0.1881,1.468
60114,0.0871,1.70090008
60116,0.0871,1.70790017
60121,0.0871,2.40360022
60122,0.0871,2.4028
60123,0.0871,2.497
60127,0.0871,1.50480008
60129,0.0871002674,1.5029999
60130,0.0871002674,1.5029999
60132,0.0871002674,1.5028
60133,0.0871002674,1.50509989
60134,0.0871002674,2.20000029
60135,0.0871002674,1.50359988
60137,0.0871002674,1.5069
60138,0.0871002674,1.6092999
60141,0.1881,1.468
60144,0.428,1.31080008
60153,0.428,1.17210007
60155,0.0871,2.497
60156,0.1881,1.468
60165,0.0871,2.497
60170,0.0871,1.3569001
60171,0.0871,1.35800016
60173,0.2681,1.38700008
60175,0.0871,0.911500096
60177,0.0871,1.24000013
60178,0.0871,1.22470009
60179,0.0871,1.21170008
60180,0.0871,1.20470011
60181,0.2681,0.887800097
60182,0.0871,2.1142
60183,0.0871,2.2
60184,0.0871,1.7542001
60185,0.0871,2.05070019
60205,0.1881,1.468
60207,0.0871,0.426100105
60216,0.0871,0.098900117
60220,0.0871,1.0164001
60222,0.0871002674,1.4246999
60226,0.127100274,0.813999951
60229,0.0871002674,0.426799983
60230,0.0871002674,0.4276
60231,0.0871002674,1.68539989
60232,0.0871002674,0.4279
60233,0.0871002674,0.4245
60234,0.0871002674,0.426799983
60235,0.0871002674,0.4279
60236,0.0871002674,0.4264
60237,0.0871002674,0.4265
60238,0.0871002674,2.17229986
60241,0.188100263,1.46800029
60245,0.0871,0.0980001166
60252,0.0871,1.1759001
60255,0.0871,1.98680007
60257,0.0871,0.425400108
60262,0,0
60263,0,0
60264,0,0
60265,0,0
60266,0,0
60267,0.7001,0.842400134
60268,0.7001,0.907900095
60269,0.7001,0.987000108
60271,0,0
60272,0.7001,1.14190006
60273,0.7001,1.05500007
60275,0.6001,1.07380009
60278,0.6001,1.4
60281,0.1881,0.669100106
60282,0.1331,1.12150013
60283,0.1331,1.2944001
60284,0.1331,1.25340009
60285,0.1331,1.4187001
60286,0.1331,1.45
60287,0.1331,1.45
60290,0.1881,0.718600094
60291,0.188100263,0.4005
60292,0,0
60295,0.0871,0.425200105
60304,0,0
60310,0,0
60313,0,0
60315,0.0871,0.424400121
60320,0.0871,1.04720008
60322,0,0
60327,0.0871,0.100300118
60351,0.1881,1.468
60352,0.330100268,0.341
60353,0.330100268,0.5954
60354,0.330100268,1.60000026
60367,0.051099997,2.37650013
60368,0.051099997,2.38
60370,0.051099997,1.63730013
60378,0.3301,1.6
60385,0.1881,0.835000098
60386,0.133100271,0.4003
60388,0.133100271,0.915100038
60389,0,0
60394,0,0
60400,0.428,1.32920015
60401,0,0
60402,0,0
60403,0,0
60404,0.5001,1.48340011
60405,0.5001,1.49420011
60406,0,0
60407,0,0
60408,0,0
60409,0,0
60410,0.5001,0.915400088
60423,0.188100263,1.46800029
60425,0.3301,0.7001
60433,0.0871,2.38
60456,0.1881,1.468
60476,0.1881,1.468
60482,0.1321,2
60494,0.188100263,1.95000029
60499,0.1881,1.468
60512,0.1881,1.468
60534,0.1881,1.468
60551,0.1481,2.02
60572,0.1881,1.65
60577,0.1881,1.468
60615,0.3601,1.87
60625,0.2281,1.708
60631,0.1881,0.505800128
60642,0.1881,0.91
60668,0.1881,1.468
60675,0.2681,1.938
60682,0.2681,1.938
60685,0.1881,1.468
60699,0.2281,1.708
60711,0.1881,0.91
60712,0.1881,0.91
60724,0.1881,1.468
60757,0.1881,1.468
60758,0.2281,1.708
60759,0.2281,1.708
60767,0.2281,1.708
60769,0.2681,1.938
60792,0.1881,1.468
60794,0.1881,1.77
60796,0.3881,1.708
60807,0.1881,1.77
60808,0.1881,0.91
60812,0.133,1.69800007
60813,0.133,1.66240013
60814,0.133,1.67450011
60828,0.1881,1.468
60830,0.133,1.55410016
60847,0.1881,1.468
60851,0.3701,2.2
60852,0.3701,2.2
60863,0.1881,1.468
60864,0.3701,2.2
60865,0.3701,2.2
60866,0.3701,2.2
60868,0.3701,2.2
60892,0.133,1.75
60894,0.133,1.75
60899,0.1881,1.468
60901,0.0611,1.884
60902,0.0871,2.275
60904,0.3701,2.2
60905,0.3701,2.2
60909,0.3701,2.2
60925,0.1881,1.31
60945,0.1881,0.476700127
60981,0.1331,1.976
60984,0.1331,1.976
60992,0.133,1.9
60995,0.133,1.30360007
61000,0.133,1.49550009
61004,0.1331,1.976
61005,0.133,1.66820014
61008,0.1881,1.468
61009,0.133,1.8
61010,0.133,1.48700011
61021,0.1331,1.64240015
61028,0.133100271,1.92739987
61031,0.1331,1.976
61032,0.1331,1.976
61037,0.1881,1.468
61038,0.1331,1.9
61039,0.1331,1.9
61041,0.1331,1.9
61042,0.1331,1.61100006
61043,0.1331,1.6206001
61044,0.1331,1.21140015
61055,0.1331,1.91650009
61056,0.1331,1.63690007
61057,0.1331,1.88340008
61058,0.1331,1.9180001
61060,0.1331,1.976
61106,0.188100263,1.68000031
61110,0.188100263,1.68000031
61149,0.1881,1.468
61161,0.133,1.8
61163,0.1881,1.696
61178,0.1331,1.976
61205,0.1881,1.42
61210,0.133,1.8
61217,0.1881,1.468
61233,0.1881,1.468
61237,0.1331,1.3016001
61242,0.1331,1.5111
61246,0.1331,1.51410007
61250,0.3801,1.4
61254,0.1331,1.57760012
61260,0.1331,1.6486001
61266,0.2281,1.8
61273,0.1881,1.468
61274,0.1331,1.9
61275,0.1331,1.6131
61277,0.1331,1.25650012
61279,0.1331,1.69370008
61281,0.1331,1.9
61312,0.1881,1.468
61323,0.1881,2
61329,0.3601,1.87
61348,0.1881,1.468
61355,0.3801,1.4
61357,0.3801,1.4
61375,0.1881,1.468
61400,0.1331,1.9
61412,0.1881,1.468
61449,0.133,1.75
61477,0.133,1.75
61478,0.133,1.75
61522,0.133,1.7
61523,0.133,1.7
61524,0.133,1.7
61608,0.1331,1.52410007
61609,0.1331,1.33990014
61617,0.1331,1.976
61619,0.1331,1.976
61629,0.1881,1.468
61630,0.1331,1.67930007
61631,0.1331,1.29600012
61646,0.1881,1.468
61652,0.1331,1.976
61655,0.1331,1.976
61657,0.1331,1.976
61661,0.1331,1.976
61664,0.1331,1.976
61669,0.1331,1.976
61670,0.1331,1.976
61671,0.1331,1.976
61683,0.1881,1.468
61684,0.1331,1.976
61685,0.1331,1.976
61696,0.1331,1.976
61698,0.1331,1.976
61701,0.2681,1.938
61702,0.1331,1.3785001
61703,0.1331,1.44880009
61711,0.1331,1.49580014
61712,0.1331,1.59620011
61713,0.1331,1.82
61714,0.1331,1.82
61716,0.1331,1.82
61719,0.1331,1.52090013
61723,0.1881,0.477200121
61724,0.1881,0.536900103
61726,0.1331,1.9
61739,0.2281,1.708
61740,0.2281,1.708
61744,0.2681,1.938
61748,0.1881,1.468
61758,0.100100264,2.41000032
61784,0.1881,1.468
61807,0.1331,1.976
61814,0.133100271,1.82000029
61818,0.1881,1.468
61828,0.1881,1.74
61844,0.1331,1.976
61846,0.1331,1.976
61859,0.1881,1.468
61889,0.1881,1.468
61890,0.1881,1.696
61901,0.133,1.75
61906,0.133,1.75
61928,0.1881,1.468
61932,0.1331,1.976
61933,0.1331,1.976
61936,0.1881,1.468
61947,0.1331,2.014
61949,0.1331,2.014
61967,0.6201,1.528
61992,0.1881,0.202100113
61998,0.1881,0.447900116
62003,0.1331,1.976
62005,0.1331,1.976
62052,0.1331,1.976
62075,0.1331,1.93
62086,0.2281,2.056
62087,0.1331,2.056
62088,0.5,2.056
62102,0.1881,0.825500131
62103,0.1881,0.507400095
62104,0.37010026,2.20000029
62105,0.37010026,2.20000029
62106,0.37010026,2.20000029
62107,0.37010026,2.20000029
62108,0.37010026,2.20000029
62109,0.37010026,2.20000029
62110,0.37010026,2.20000029
62114,0.0611,1.859
62115,0.0611,1.884
62120,0.1881,1.468
62127,0.0611,1.884
62128,0.0611,1.884
62132,0.1881,1.468
62133,0.1881,1.468
62145,0.1881,1.468
62169,0.100100264,2.41000032
62172,0.100100264,2.41000032
62176,0.1881,0.339900106
62195,0.1881,0.335000128
62217,0.2681,1.642
62239,0.188100263,1.46800029
62307,0.1881,1.468
62342,0.1881,1.468
62370,0.1881,1.468
62417,0.2681,1.642
62420,0.2681,1.642
62426,0.2681,1.642
62427,0.2281,1.65
62434,0.1881,1.468
62495,0.1881,0.353600115
62501,0.1881,0.528100133
62502,0.1881,1.468
62520,0.1881,1.468
62523,0.428,1.528
62527,0.1881,1.468
62528,0.428,1.6
62545,0.1601,1.76
62546,0.1601,1.76
62562,0.1881,1.468
62567,0.428,1.528
62568,0.428,1.528
62579,0.428,1.6
62581,0.0871,1.814
62602,0.051099997,2.53
62618,0.1881,1.468
62624,0.1601,1.76
62626,0.1601,1.76
62663,0.1331,1.714
62664,0.0871002674,1.81400025
62690,0.5,2.056
62691,0.5,2.056
62708,0.0871,1.8
62726,0.1881,1.468
62736,0.0871,1.814
62737,0.2281,1.708
62744,0.2281,1.708
62778,0.348,1.548
62783,0.0951,2.276
62800,0.0911002681,2.07110023
62837,0.1881,1.468
62854,0.1331,1.825
62861,0.133100271,1.62800026
62864,0.1331,1.714
62898,0.1881,1.468
62922,0.0871,1.814
62924,0.0871002674,1.81400025
62936,0.0871002674,1.81400025
62941,0.2001,2.203
62946,0.1881,1.468
62948,0.051099997,2.53
62950,0.1331,1.976
62960,0.1331,2.114
62978,0.133,1.75
62993,0.1881,1.468
63008,0.1331,1.6
63026,0.2281,1.5001
63055,0.1881,1.468
63056,0.1881,1.468
63058,0.1881,1.468
63061,0.1881,1.468
63068,0.1881,1.468
63073,0.1881,1.468
63079,0.1881,1.468
63080,0.1881,1.77
63108,0.1881,1.468
63116,0.1881,0.597300112
63117,0.1881,0.664400101
63122,0.1331,1.5
63126,0.1331,1.5
63127,0.1331,2
63140,0.1881,1.468
63159,0.5001,2
63174,0.1881,1.897
63179,0.1881,1.08640015
63214,0.1881,0.5279001
63228,0.1881,1.678
63230,0.133,1.2650001
63232,0.133,1.53390014
63234,0.133,1.49880016
63236,0.133,1.6
63238,0.133,1.52650011
63240,0.133,1.14520013
63242,0.133,0.961200118
63244,0.133,1.1335001
63246,0.133,1.45
63250,0.133,1.45
63254,0.2511,1.564
63285,0.2511,1.5641
63286,0.2511,1.5641
63291,0.2511,1.5641
63297,0.1881,0.677700102
63298,0.133,1.7
63300,0.133,1.7
63302,0.133,1.09130013
63306,0.133,1.45
63308,0.133,1.45
63310,0.133,1.45
63312,0.2281,1.548
63326,0.1881,1.927
63332,0.1881,1.468
63344,0.2281,1.648
63355,0.100099996,2.41
63364,0.100099996,2.41
63374,0.1881,0.592900097
63388,0.1881,0.539200127
63442,0.1881,1.08730006
63515,0.1881,1.77
63535,0,0
63536,0,0
63553,0.1881,0.316600114
63554,0.100099996,0.110300116
63555,0.100099996,0.111000121
63575,0.1881,1.3921
63576,0,0
63593,0,0
63596,0,0
63610,0.1881,1.392
63611,0.1881,1.392
63625,0.1331,1.93
63626,0.1881,1.8
63650,0.100099996,2.41
63654,0.1051,2.026
63659,0.1881,0.75270009
63692,0.100099996,2.41
63698,0.1881,0.550200105
63704,0.1881,1.392
63711,0.1881,1.9
63734,0.1881,0.683800101
63757,0.1881,0.628900111
63770,0.1881,1.897
63771,0.100099996,2.41
63823,0.1881,0.499700129
63832,0.1881,1.474
63843,0.1051,0.845200121
63844,0.0871,1.65
63847,0.105099998807907,1.73880010959113
63848,0.1051,1.56830013
63849,0.1051,1.17650008
63853,0.1051,1.26860011
63877,0.1051,2.186
63878,0.1051,1.58040011
63879,0.1051,1.62690008
63880,0.1051,1.66190016
63882,0.1051,1.43540013
63887,0.1051,0.984600127
63888,0.1051,0.99300009
63918,0.1051,0.906100094
63920,0.1051,1.71230006
63923,0.1051,0.94810009
63943,0.1051,1.4762001
63944,0.1051,1.51970017
63945,0.1051,1.28640008
63950,0.1331,1.392
63986,0.1051,2.159
63996,0.1881,0.533900142
63997,0.1881,1.468
63998,0.1051,2.159
64018,0.288,1.698
64019,0.288,1.698
64035,0.1881,1.468
64053,0.288,1.698
64060,0.1051,2.159
64067,0.1051,1.07900012
64074,0.1881,1.468
64085,0.288,1.698
64086,0.288,1.698
64112,0.1881,0.999500096
64113,0.1051,2.186
64129,0.1881,1.468
64148,0.288,1.698
64152,0.1331,1.392
64153,0.1331,1.392
64161,0.0951,2.276
64164,0.1881,1.468
64180,0.288,1.698
64195,0.1881,1.44380009
64224,0.1051,2.186
64279,0.1881,1.468
64280,0.1881,0.52880013
64327,0.133,0.888500094
64335,0.133,1.3749001
64336,0.133,0.974400103
64338,0.133,1.0193001
64340,0.133,0.863300085
64342,0.133,1.45
64362,0.133,0.891400099
64363,0.133,0.81430012
64364,0.133,0.810600102
64365,0.133,0.774400115
64366,0.133,0.932100117
64367,0.133,0.961100101
64368,0.133,0.985300124
64369,0.133,0.914700091
64370,0.133,1.45
64371,0.133,1.45
64372,0.133,0.95600009
64373,0.133,1.45
64374,0.133,1.45
64376,0.133,0.966500103
64378,0.133,0.990200102
64382,0.1881,1.468
64386,0.1741,0.9672001
64389,0.133,1.08570015
64392,0.133,1.45
64393,0.1741,0.945800126
64394,0.133,1.38450015
64401,0.133,1.45
64421,0.1881,1.468
64433,0.1051,2.177
64438,0.1051,2.177
64467,0.1051,2.177
64469,0.1051,2.077
64485,0.1051,2.159
64488,0.1051,2.159
64494,0.1051,2.186
64495,0.1051,2.186
64512,0.1881,1.98
64517,0.1881,1.98
64519,0.1881,1.98
64529,0.1881,1.468
64548,0.174,2.199
64634,0.2681,1.938
64635,0.2681,1.938
64646,0.133,1.45
64647,0.133,1.07850015
64648,0.133,0.973300099
64649,0.133,0.952300131
64650,0.133,1.45
64651,0.133,1.45
64655,0.1881,1.468
64658,0.133,0.895200133
64659,0.133,0.892600119
64662,0.133,0.886600137
64663,0.288,1.698
64664,0.133,0.964600086
64666,0.133,0.857500136
64668,0.133,1.12150013
64670,0.133,1.07270014
64673,0.1051,1.6601001
64675,0.133,1.45
64676,0.288,1.698
64677,0.133,1.45
64678,0.133,1.7
64680,0.133,1.57660007
64682,0.133,1.45070016
64684,0.133,1.29640007
64686,0.133,1.7
64734,0.1881,1.468
64763,0.1881,1.468
64770,0.133,1.66910017
64774,0.133,1.0854001
64778,0.133,1.20910013
64795,0.133,1.7
64799,0.2511,1.56
64820,0.133,1.42380011
64834,0.133,1.42470014
64845,0.1881,1.468
64855,0.1051,1.73650014
64856,0.1051,2.186
64857,0.1051,1.36180007
64858,0.1051,1.43980014
64859,0.1051,1.42930007
64871,0.1881,1.468
64875,0.2281,1.83
64884,0.2281,1.83
64891,0.1051,2.399
64897,0.3001,1.824
64905,0.1881,1.468
64911,0.051099997,0.289900124
64912,0.051099997,0.350500107
64913,0.051099997,0.383300126
64914,0.1051,1.62620008
64915,0.1051,1.52480006
64916,0.1051,1.5940001
64917,0.1051,1.57920015
64918,0.1051,1.4841001
64919,0.1051,2.2369
64922,0.1051,2.0822
64923,0.1051,2.17710018
64924,0.1051,1.6426
64947,0.1051,2.186
64950,0.1051,1.79580009
64959,0.2301,1.824
64972,0.2681,1.938
65019,0.2301,1.824
65021,0.2301,1.824
65029,0.1331,1.59
65043,0.2301,1.824
65044,0.1331,1.59
65046,0.1051,2.026
65049,0.2301,1.824
65052,0.2301,1.824
65053,0.288,2.555
65069,0.288,2.555
65073,0.174,2.119
65077,0.174,2.119
65079,0.174,2.119
65083,0.1881,1.468
65094,0.2301,1.5
65124,0.4001,1.4
65125,0.4001,1.4
65129,0.4001,1.4
65133,0.2001,1.5
65136,0.2001,1.5
65139,0.1881,1.468
65152,0.2281,1.83
65157,0.2281,1.83
65172,0.1881,1.468
65175,0.133,1.7
65184,0.1331,1.59
65188,0.2281,1.8
65191,0.1331,1.8001
65216,0.1331,1.79
65226,0.1881,1.897
65245,0.1881,1.468
65252,0.1881,1.873
65253,0.1051,2.015
65272,0.1051,2.159
65279,0.1881,1.468
65280,0.1051,0.913100123
65281,0.1051,1.64660013
65282,0.1051,1.80480015
65283,0.1051,2.1026
65285,0.1051,1.10290015
65288,0.1051,1.2628001
65316,0.1881,1.468
65317,0.1051,1.3957001
65318,0.1051,1.28290009
65319,0.1051,1.37500012
65320,0.1051,0.658200145
65321,0.1051,1.51550007
65322,0.1051,1.62520015
65328,0.1051,2.186
65331,0.1051,2.186
65334,0.1051,0.962800086
65335,0.1051,1.02180016
65336,0.1051,1.6687001
65345,0.174,2.119
65359,0.1881,1.468
65379,0.174,2.119
65391,0.1051,1.44390011
65409,0.1881,1.092
65412,0.1881,1.092
65423,0.1881,1.468
65455,0.1051,2.2105
65457,0.1051,2.03000021
65462,0.1881,1.468
65468,0.1051,2.25750017
65469,0.1051,1.52650011
65474,0.1051,1.80620015
65476,0.174,1.999
65477,0.174,1.999
65481,0.1051,1.83110011
65482,0.1051,2.0829
65486,0.1051,1.11130011
65487,0.1051,1.6134001
65488,0.1051,1.5911001
65495,0.1881,1.468
65510,0.1331,1.79
65514,0.2281,1.83
65523,0.1051,2.298
65527,0.1051,1.95880008
65530,0.1331,1.79
65535,0.1881,1.468
65546,0.2681,1.938
65549,0.2681,1.938
65553,0.2681,1.938
65554,0.1051,1.08850014
65557,0.1051,1.5114001
65561,0.1051,2.1988
65564,0.1051,1.7621001
65566,0.1051,1.97190011
65584,0.1881,1.468
65586,0.2681,1.938
65588,0.2681,1.938
65625,0.288,2.555
65654,0.2681,1.938
65895,0.1881,1.468
65904,0.1331,1.93
65914,0.1881,1.468
65940,0.1331,1.392
65941,0.1331,1.392
65947,0.1881,1.468
65969,0.1331,1.568
65973,0.1331,1.568
66028,0.100099996,2.38180017
66047,0.4001,1.429
66088,0.1881,1.468
66102,0.2281,2.028
66113,0.133,1.998
66115,0.1881,1.873
66119,0.1881,1.468
66133,0.1881,1.7001
66149,0.100099996,2.41
66162,0.1881,1.468
66164,0.1051,2.077
66166,0.1051,2.159
66168,0.1051,2.159
66169,0.1051,2.159
66173,0.4001,1.429
66177,0.1051,2.159
66178,0.1051,2.159
66213,0.1331,1.568
66221,0.1881,1.468
66229,0.100099996,2.41
66279,0.1051,2.119
66280,0.1051,2.119
66284,0.1051,2.119
66290,0.1881,1.468
66295,0.1051,2.399
66296,0.1051,2.399
66302,0.100099996,2.41
66311,0.1051,2.119
66329,0.1051,2.399
66367,0.1881,1.468
66383,0.1331,1.79
66440,0.2001,1.65
66441,0.1601,1.4716
66442,0.2001,1.65
66446,0.2001,0.401200116
66453,0.2001,1.00550008
66454,0.1601,1.5
66457,0.2301,1.824
66458,0.2301,1.824
66459,0.1601,1.0272001
66461,0.3881,0.443300128
66469,0.7301,1.36680007
66471,0.43,1.36570013
66474,0.43,1.2065
66476,0.1331,1.79
66479,0.1881,1.468
66491,0.2001,0.683300138
66492,0.2001,0.772200108
66494,0.2001,0.835900128
66516,0.2301,1.824
66517,0.2301,1.824
66519,0.2301,1.824
66523,0.0611,2.297
66531,0.2001,0.312700123
66535,0.2001,0.48480013
66537,0.2001,2.05
66538,0.2001,1.02090013
66539,0.2001,2.21
66541,0.2001,1.06900012
66542,0.2801,0.653700113
66543,0.2001,0.842900097
66548,0.1881,1.468
66549,0,0
66550,0,0
66552,0.3,0.578500092
66553,0,0
66554,0.1051,2.119
66558,0.3,0.345900118
66559,0.3,0.783200085
66562,0,0
66563,0.3,0.674200118
66594,0.1881,1.468
66597,0.3,0.701100111
66600,0.0871,1.65
66602,0.3,0.917200089
66603,0.0871,1.65
66604,0.3,0.929400086
66606,0.3,1.61660016
66625,0.1881,1.468
66639,0.2281,1.83
66644,0.1881,1.468
66645,0.1881,1.2197001
66664,0.3,1.64630008
66667,0.1601,0.391000122
66668,0.2001,1.17650008
66674,0.3,0.755700111
66682,0.1881,1.468
66687,0.2281,1.83
66709,0.1881,1.468
66715,0.1051,2.119
66751,0.1051,2.119
66767,0.1881,1.468
66775,0.3081,1.45
66789,0.1881,1.468
66795,0.1881,1.95
66820,0.1881,1.468
66838,0.2281,2.188
66873,0.2511,2
66901,0.1881,1.468
66934,0.1881,0.5001
66981,0.1881,1.468
66992,0.4001,1.55
66995,0.2001,1.36430013
67009,0.1881,1.468
67028,0.2001,1.12350011
67029,0.2001,1.11120009
67030,0.2001,1.09940016
67031,0.2001,1.50200009
67039,0.1601,0.807600141
67040,0.1881,1.72
67041,0.1601,1.03690016
67044,0.2001,1.47810006
67050,0.1881,1.468
67060,0.4001,1.8
67075,0.100099996,2.41
67090,0.1881,1.468
67094,0.2001,1.27850008
67098,0.0871,0.695100129
67099,0.4001,1.55
67103,0.1601,1.15400016
67106,0.3501,1.1196
67109,0.43,1.21210015
67112,0.43,1.25270009
67119,0.1601,0.46600011
67120,0.1601,1.31480014
67123,0.4301,1.24550009
67133,0.1881,1.468
67142,0.1881,2.41
67174,0.1601,1.2051
67175,0.1601,1.28000009
67179,0.1601,1.16000009
67182,0.1601,1.31480014
67185,0.1601,0.800600111
67186,0.1601,1.24060011
67187,0.1601,1.10730016
67190,0.1601,1.32870007
67210,0.1881,1.468
67211,0.100099996,2.41
67250,0.1881,1.468
67258,0.1601,1.16450012
67259,0.1601,1.22480011
67260,0.1601,1.16330016
67261,0.1601,1.17930007
67263,0.3501,0.821700096
67264,0.4301,1.14420009
67269,0.1601,1.10170007
67272,0.1601,1.67030013
67277,0.1601,1.66520011
67278,0.1881,1.6
67281,0.1601,1.7374
67282,0.1601,1.22000015
67326,0.1881,1.468
67327,0.1601,1.1773001
67329,0.3501,0.680000126
67330,0.3501,0.353600115
67331,0.2001,0.351500124
67332,0,0
67333,0.100099996,2.41
67335,0,0
67338,0.3501,1.2082001
67340,0.2001,1.2147001
67341,0.2801,1.5341
67342,0.3501,0.870800138
67343,0.1601,1.3078
67344,0.3501,0.5297001
67345,0.3501,0.723900139
67346,0.3501,1.70020008
67348,0.3501,1.3943001
67350,0.3501,0.48510012
67353,0.3501,0.623100102
67354,0.3501,0.754400134
67356,0.1601,1.42470014
67357,0.1601,1.35800016
67358,0.1601,1.4352001
67359,0.1601,1.44140017
67360,0.3501,1.90100014
67361,0.3501,0.946000099
67371,0.1881,1.468
67402,0.1881,1.468
67410,0.1601,1.52760017
67414,0.1601,1.2058
67417,0.1601,1.20740008
67418,0.1601,1.2051
67419,0.1601,1.33890009
67420,0.1601,0.572000086
67421,0.1601,0.572200119
67433,0.1881,1.6
67446,0.1881,1.468
67460,0.1331,1.55
67479,0.1881,1.468
67480,0.1601,1.20530009
67484,0.1601,1.42260015
67488,0.1601,1.3160001
67505,0.1331,1.55
67520,0.1881,1.468
67549,0.1601,1.37170017
67550,0.1601,1.26160014
67551,0.1601,1.37430012
67552,0.1601,1.39990008
67553,0.1601,1.48270011
67555,0.1601,1.3447001
67560,0.1881,1.468
67593,0.1881,1.468
67620,0.1331,2
67680,0.1881,1.20370007
67726,0.1881,1.468
67740,0.1881,1.468
67748,0.1331,2.057
67805,0.2681,1.938
67818,0.2681,1.938
67938,0.1881,1.468
67946,0.0951,2.276
67978,0.1881,1.468
67980,0.1601,1.46580017
67981,0.1601,0.973200142
67982,0.1601,1.23250008
67983,0.1601,1.11520016
67991,0.1051,2.15
68006,0.1051,2.05
68027,0.1881,1.468
68060,0.1331,1.79
68071,0.051099997,1.6
68129,0.1711,1.75
68133,0.1881,1.468
68168,0.1881,1.468
68214,0.1881,1.468
68235,0.1051,2.159
68243,0.1881,1.468
68268,0.1051,2.159
68281,0.1881,1.468
68288,0.1881,1.468
68300,0.1881,1.901
68318,0.1881,1.468
68354,0.1881,1.468
68359,0.4001,1.875
68407,0.2301,1.824
68413,0.1881,1.468
68432,0.4001,1.875
68455,0.1881,1.468
68489,0.1881,1.468
68501,0.4001,1.89
68575,0.1881,1.6
68615,0.1881,1.468
68621,0.1051,2.119
68628,0.1051,2.0945
68631,0.1051,2.1133
68643,0.1051,2.20590019
68654,0.1881,1.468
68669,0.1881,1.77
68690,0.1881,1.468
68693,0.1051,1.92710006
68697,0.1051,2.0369
68698,0.1051,0.796000123
68699,0.1051,1.9841001
68703,0.1051,2.21850014
68707,0.1051,2.30770016
68722,0.1881,1.468
68737,0.1051,1.64
68761,0.1881,1.468
68773,0.1881,1.77
68803,0.1881,1.468
68829,0.1051,2.186
68833,0.1881,1.468
68867,0.1881,1.468
68907,0.1881,1.468
68915,0.1051,1.9903
68916,0.1051,2.006
68919,0.1051,1.92870009
68922,0.1881,1.468
68928,0.1601,1.82
68960,0.1881,1.468
68984,0.1051,2.2242
68987,0.1051,2.193
69002,0.1881,1.468
69011,0.1881,1.9
69025,0.1881,1.9
69039,0.1881,1.468
69073,0.1881,1.468
69076,0.1051,2.186
69102,0.2001,1.725
69112,0.1881,1.468
69113,0.1051,2.1061
69115,0.1051,2.0594
69127,0.1051,2.4609
69129,0.1051,2.5213
69133,0.1051,2.4026
69139,0.1051,2.186
69167,0.1331,2.1
69194,0.1881,1.06040013
69220,0.1881,1.8
69235,0.1881,1.468
69278,0.1881,1.468
69303,0.1881,1.468
69307,0.2281,2.07
69338,0.1881,1.468
69374,0.1881,1.468
69400,0.1051,1.64
69415,0.1881,1.468
69449,0.1881,1.468
69487,0.1881,1.468
69512,0.3001,1.6141001
69514,0.3001,1.67700016
69515,0.3001,1.66260016
69528,0.1881,1.468
69531,0.100099996,2.4072
69572,0.1881,1.468
69601,0.1881,0.425100118
69602,0.1881,0.586800098
69626,0.1881,1.468
69682,0.1881,1.61
69697,0.1881,1.468
69710,0.2281,1.83
69716,0.1881,1.468
69753,0.1881,1.468
69774,0.1331,2.336
69792,0.1881,1.468
69830,0.1881,1.468
69860,0.4,1.51
69884,0.1331,2.2
69901,0.4001,1.675
69908,0.1881,1.468
69934,0.1881,1.468
69972,0.1881,1.468
70041,0.1881,1.468
70145,0.1881,0.30550012
70175,0.1881,1.468
70177,0.1331,1.93
70220,0.1881,1.468
70228,0.4281,1.6
70239,0.1881,1.468
70270,0.1881,1.468
70285,0.1881,1.873
70297,0.1881,1.468
70302,0.1051,2.159
70305,0.1051,2.159
70306,0.1051,2.159
70310,0.1051,1.82920015
70311,0.1051,1.7611
70313,0.1051,1.72860014
70316,0.1881,1.468
70318,0.1271,1.627
70353,0.1881,1.468
70355,0.133,1.4151001
70356,0.2681,1.31950009
70357,0.2681,1.42770016
70359,0.2681,0.973900139
70380,0.133,1.4036001
70381,0.133,1.34850013
70382,0.133,1.7
70383,0.133,1.7
70386,0.1881,1.468
70387,0.133,1.24580014
70388,0.133,1.1134001
70389,0.133,1.06290007
70390,0.2681,0.990000129
70391,0.2681,1.28740013
70392,0.133,1.11290014
70393,0.2681,1.1479001
70394,0.2681,0.901700139
70414,0.1881,1.468
70430,0.1051,1.45370007
70433,0.1051,1.27850008
70442,0.1881,1.468
70443,0.1051,1.21140015
70454,0.133,1.6378001
70460,0.1881,1.897
70470,0.1881,1.468
70473,0.133,1.7697
70475,0.133,0.585400105
70477,0.133,1.71170008
70479,0.133,1.35640013
70482,0.133,1.68510008
70484,0.133,1.89770007
70485,0.133,2.075
70486,0.133,2.0055
70489,0.133,1.77270007
70518,0.1881,1.468
70552,0.1881,1.468
70585,0.1881,1.468
70623,0.1881,1.468
70625,0.1881,2.003
70639,0.2281,1.5201
70654,0.1051,1.66500008
70656,0.1051,1.75190008
70657,0.1051,1.67080009
70661,0.1881,1.468
70686,0.1051,2.186
70703,0.1881,1.468
70740,0.1881,1.468
70777,0.1881,1.468
70805,0.1881,2.003
70981,0.1881,0.507800102
70982,0.1881,0.358400106
70983,0.1881,1.468
71001,0.2281,2.12
71021,0.2281,2.12
71037,0.1881,1.468
71078,0.1881,1.468
71089,0.2281,2.12
71098,0.1881,1.468
71118,0.1051,2.159
71130,0.1881,1.468
71156,0.1881,1.468
71182,0.133,1.06620014
71186,0.133,0.952600121
71188,0.133,0.934700131
71189,0.133,0.888900101
71190,0.133,1.40790009
71192,0.133,1.00560009
71193,0.133,1.04320014
71194,0.133,0.942600131
71205,0.1881,1.468
71208,0.1051,1.39380014
71209,0.1051,1.33780015
71210,0.1051,1.61730015
71212,0.1051,0.895200133
71213,0.1051,1.1986
71214,0.1051,0.957000136
71215,0.1051,1.38630009
71216,0.1051,2.06260014
71222,0.133,0.987400115
71223,0.133,0.896800101
71224,0.133,1.06320012
71225,0.133,1.55180013
71226,0.133,1.38290012
71235,0.1881,1.468
71238,0.1051,0.986700118
71241,0.1051,0.858400106
71247,0.095,2.22
71254,0.105099998807907,0.893600114266345
71255,0.133,1.02640009
71256,0.133,0.964700103
71259,0.133,1.10220015
71260,0.1051,1.45520008
71264,0.1051,1.57220006
71265,0.1051,1.56920016
71266,0.1051,1.88150012
71275,0.1881,1.468
71292,0.1051,1.81110013
71300,0.1051,1.56780016
71303,0.1051,1.53320014
71308,0.1881,1.468
71324,0.1881,1.468
71344,0.1051,1.83850014
71345,0.1051,2.186
71351,0.1051,2.186
71360,0.1881,1.468
71394,0.1881,1.468
71395,0.2281,2.12
71435,0.1881,1.468
71451,0.1881,1.468
71483,0.1881,1.468
71522,0.1881,1.468
71544,0.2281,1.81
71561,0.1881,1.468
71565,0.1051,2.119
71585,0.1881,1.468
71625,0.1881,1.468
71645,0.5501,1.95
71663,0.1881,1.468
71685,0.1881,0.326600105
71726,0.1881,1.468
71738,0.288,1.698
71763,0.1881,1.468
71797,0.1051,1.85
71833,0.1881,0.538300097
71834,0.1881,0.455600113
71869,0.1881,0.452100128
71877,0.268,1.9381
71901,0.1881,0.355900109
71909,0.268,1.9381
71956,0.1881,1.468
71973,0.1051,1.959
71999,0.1881,1.468
72023,0.1051,2.159
72062,0.2281,2.12
72116,0.1881,1.468
72142,0.1881,1.468
72165,0.1881,1.468
72169,0.1051,2.186
72196,0.133,0.967900097
72198,0.133,1.7
72211,0.1881,1.2676
72231,0.1881,1.468
72246,0,0
72277,0.1881,1.468
72307,0.133,1.45
72312,0.1881,1.468
72349,0.1881,1.468
72356,0.268,1.9381
72369,0.268,1.9381
72409,0.1881,1.468
72415,0.1881,1.784
72439,0.1881,1.6
72443,0.1881,1.468
72477,0.1881,1.468
72513,0.1881,1.468
72531,0.1881,1.468
72561,0.1881,1.468
72600,0.1881,1.468
72609,0.0951,2.12
72625,0.268,1.9381
72660,0.268,1.9381
72669,0.1881,1.468
72711,0.1881,1.468
72735,0.268,1.9381
72746,0.1881,1.468
72765,0.1881,1.468
72773,0.1321,2.02
72812,0.2501,1.824
72853,0.1881,1.648
72919,0.133,1.7
72920,0.133,1.7
72925,0.133,1.56920016
72926,0.133,1.7
72927,0.133,0.72600013
72928,0.133,1.1457001
72929,0.133,1.28900015
72930,0.133,0.9126001
72936,0.268,1.9381
72959,0.133,1.71
72961,0.133,0.88680011
72963,0.133,0.969300091
72964,0.133,0.868500113
72965,0.133,1.22720015
72966,0.133,1.08530009
72967,0.133,1.14980006
72996,0.2281,2.12
73014,0.2501,1.974
73018,0.133,0.629100144
73019,0.133,1.71
73020,0.133,1.71
73021,0.133,1.71
73022,0.133,1.01990008
73023,0.133,1.08130014
73099,0.268,1.9381
73174,0.2281,2.12
73200,0.1881,1.468
73225,0.2501,1.974
73267,0.268,1.9381
73279,0.1881,1.468
73306,0.1881,1.468
73311,0.2501,1.974
73330,0.133,1.76
73341,0.1881,1.468
73367,0.133,1.76
73368,0.133,1.23950016
73373,0.1881,1.468
73392,0.348,2.018
73410,0.1881,1.468
73435,0.348,2.018
73443,0.1881,1.468
73460,0.2501,1.994
73478,0.1331,1.95509994
73485,0.1881,1.468
73513,0.1881,1.468
73532,0.348,2.018
73552,0.1881,1.468
73560,0.1331,2.1001
73618,0.1881,1.468
73631,0.1051,2.0271
73632,0.1051,1.80440009
73654,0.1881,1.468
73689,0.1881,1.468
73704,0.1881,1.468
73734,0.1881,1.468
73743,0.1331,2.2
73772,0.1881,1.468
73776,0.348,2.018
73784,0.348,1.82620013
73785,0.348,1.82590008
73786,0.348,1.81080008
73810,0.1881,1.468
73838,0.348,1.54640007
73842,0.1881,1.468
73846,0.348,1.71930015
73866,0.1881,1.468
73886,0.1881,1.468
73919,0.1881,1.468
73924,0.348,2.018
73927,0.133,1.76
73929,0.133,0.929400146
73931,0.133,1.0911001
73934,0.133,1.74390006
73935,0.133,0.968100131
73936,0.133,1.76
73953,0.1881,1.468
73960,0.1331,1.95509994
73971,0.1331,2.1051
73983,0.1881,1.468
73996,0.2671,1.5
74015,0.1881,1.468
74017,0.1881,1.8
74038,0.1881,1.468
74064,0.5001,1.5
74082,0.2281,2.12
74121,0.2281,2
74134,0.1881,1.468
74147,0.2301,1.824
74168,0.1881,1.468
74184,0.1881,1.468
74191,0.2281,1.7
74207,0.2281,1.15
74223,0.1881,1.468
74253,0.1881,1.784
74255,0.1881,1.468
74289,0.1881,1.468
74305,0.051099997,2.386
74327,0.1881,1.468
74358,0.1881,1.468
74359,0.1051,2.186
74390,0.1881,1.468
74404,0.1331,1.93
74421,0.1881,1.468
74458,0.1881,1.468
74466,0.1051,2.159
74488,0.1881,1.468
74498,0.1051,2.3
74523,0.1881,1.468
74558,0.1881,1.468
74561,0.1881,1.784
74572,0.2301,2.05
74593,0.1881,1.468
74598,0.1881,1.8
74620,0.2281,2.12
74643,0.1881,1.468
74654,0.1051,2.119
74697,0.0871,2.555
74738,0.0871,2.583
74757,0.1881,1.468
74787,0.1881,1.468
74833,0.0871,2.555
74849,0.0871,2.555
74862,0.1881,1.468
74874,0.0871,2.555
74893,0.1881,1.468
74894,0.288,2.048
74916,0.0871,2.555
74943,0.1331,1.627
74984,0.1881,0.859100103
74996,0.2501,1.994
75026,0.1051,1.998
75047,0.1881,1.468
75066,0.268,1.9381
75082,0.1881,1.468
75102,0.1881,1.468
75107,0.1051,1.998
75132,0.1881,1.468
75161,0.3801,1.4
75224,0.1881,1.468
75259,0.1881,1.468
75263,0.1331,1.33380008
75264,0.1331,1.46280015
75265,0.1331,1.32710016
75296,0.1881,1.468
75362,0.1881,1.468
75437,0.1881,0.283600122
75459,0.1881,1.468
75461,0.1051,1.81410015
75464,0.1051,1.81650007
75503,0.1881,1.468
75563,0.1881,1.468
75601,0.1881,1.468
75618,0.1881,1.468
75649,0.1881,1.468
75682,0.1881,1.468
75718,0.1881,1.468
75754,0.1881,1.468
75794,0.1881,1.468
75921,0.1881,1.468
75959,0.1881,1.468
75982,0.1881,1.468
76023,0.1881,1.468
76050,0.1881,1.468
76084,0.1881,1.468
76121,0.1881,1.468
76147,0.1881,1.468
76185,0.1881,1.468
76221,0.1881,1.468
76249,0.1881,1.468
76284,0.1881,1.468
76304,0.1331,1.12500012
76315,0.1881,1.468
76322,0.1331,1.86590016
76353,0.1881,1.468
76492,0.1881,1.468
76528,0.1881,1.468
76567,0.1881,1.468
76598,0.1881,1.468
76636,0.1881,1.468
76658,0.1881,1.468
76692,0.1881,1.468
76702,0.133,1.76
76727,0.1881,1.468
76766,0.1881,1.468
76799,0.1881,1.468
76838,0.1881,1.468
76876,0.1881,1.468
76915,0.1881,1.468
76929,0.1881,1.468
76963,0.1881,1.468
76983,0.1881,1.28480017
77017,0.1881,1.468
77053,0.1881,1.468
77074,0.1881,1.468
77089,0.2001,1.08830011
77092,0.2001,1.21880007
77114,0.1881,1.468
77130,0.1881,1.468
77161,0.1881,1.468
77193,0.5001,1.6
77196,0.5001,1.55780017
77198,0.1881,1.468
77232,0.1881,1.468
77273,0.1881,1.468
77356,0.1881,1.468
77395,0.1881,1.468
77409,0.0871,2.555
77411,0.0871,2.555
77426,0.2001,0.924500108
77491,0.1881,1.468
77530,0.1881,1.468
77547,0.1881,1.468
77567,0.1191,0.873
77588,0.1881,1.468
77595,0.5001,1.76
77598,0.5001,1.7
77599,0.5001,1.30000007
77602,0.5001,1.7
77604,0.5001,1.31270015
77623,0.1881,1.468
77871,0.1881,1.468
77880,0.1881,1.468
77902,0.1881,1.468
77928,0.1881,1.468
77949,0.1881,1.468
77979,0.1881,1.468
78002,0.1881,1.468
78020,0.1881,1.468
78040,0.1881,1.468
78058,0.1051,2.186
78061,0.1051,1.79330015
78064,0.1051,1.75470006
78069,0.1051,2.186
78089,0.1051,1.38820016
78090,0.1051,1.28390014
78091,0.1051,2.186
78104,0.1051,1.91620016
78111,0.1881,1.468
78144,0.1881,1.468
78157,0.1881,1.468
78167,0.1881,1.468
78203,0.1881,1.468
78231,0.1881,1.468
78260,0.1051,1.6249001
78261,0.1051,2.186
78262,0.1051,2.186
78265,0.1881,1.468
78297,0.1881,1.468
78324,0.1881,1.468
78354,0.1881,1.468
78368,0.1331,1.93
78382,0.1051,2.186
78389,0.1881,1.468
78460,0.1881,1.468
78496,0.1881,1.468
78510,0.1051,2.186
78512,0.1051,2.186
78518,0.1051,1.65870011
78521,0.1051,2.186
78524,0.1051,1.75140011
78528,0.1881,1.468
78596,0.1881,1.468
78597,0.1051,1.8301
78598,0.1051,1.81160009
78600,0.1051,1.81010008
78601,0.1051,1.81680012
78602,0.1051,1.81720006
78603,0.1051,2.186
78604,0.1051,2.186
78606,0.1051,1.06960011
78608,0.1051,2.186
78611,0.1051,2.186
78629,0.1881,1.468
78637,0.1051,1.998
78639,0.1051,1.28360009
78656,0.1051,2.186
78689,0.1881,1.468
78841,0.1881,1.468
78919,0.1881,1.468
78924,0.1051,2.014
78926,0.1051,1.82840014
78927,0.1051,1.82500017
78929,0.1051,2.014
78930,0.1051,2.014
78932,0.1051,2.014
78956,0.1881,1.468
78969,0.1741,1.987
79036,0.1881,1.468
79067,0.5201,1.59880006
79133,0.5201,1.6505
79173,0.5201,1.67260015
79211,0.5201,1.66610014
79234,0.1051,2.014
79236,0.1051,2.014
79238,0.1051,2.014
79249,0.1881,1.468
79273,0.1881,1.468
79341,0.1881,1.468
79351,0.1881,1.468
79526,0.1881,0.724100113
79550,0.1881,1.468
79567,0.1881,0.344300121
79602,0.1881,1.468
79644,0.1881,1.468
79691,0.1881,1.468
79815,0.133,1.43120015
79825,0.133,1.09920013
79826,0.133,1.36980009
79827,0.133,1.43280017
80462,0.1051,1.47610009
80466,0.1051,1.4776001
80468,0.1051,1.63590014
80514,0.1051,0.753500104
80515,0.1051,1.06500018
80518,0.1051,1.5875001
80525,0.1051,1.67770016
80527,0.1051,0.877000153
81075,0.1051,1.6795001
81077,0.1051,1.13960016
81079,0.1051,1.67810011
81101,0.1051,1.67700016
81102,0.1051,1.67820013
81635,0.1051,1.646
81664,0.1051,1.45310009
81730,0.1051,0.910900116
81731,0.1051,1.2506001
81732,0.1051,1.40420008
81733,0.1051,1.4381001
81741,0.1051,1.3461
81745,0.1051,1.3461
81751,0.1051,1.3461
89295,0.0510999988079071,2.04540011317533
