Feature,RF_Importance,Permutation_Loss_Increase,RF_Rank,Permutation_Rank,RF_R2,ResMLP_R2
IPLA_avg,0.008475954908922969,0.024654671549797058,19.0,1.0,0.6348589579758079,0.5556019242855175
Wtot,0.41480000441878073,0.012727051973342896,1.0,2.0,0.6348589579758079,0.5556019242855175
IPLA,0.005311140549468925,0.01046539843082428,32.0,3.0,0.6348589579758079,0.5556019242855175
Wtot_avg,0.05632290344304668,0.009545117616653442,3.0,4.0,0.6348589579758079,0.5556019242855175
P_baratron_div,0.03430188940398091,0.006627708673477173,4.0,5.0,0.6348589579758079,0.5556019242855175
AREA,0.005737968707724594,0.00582084059715271,29.0,6.0,0.6348589579758079,0.5556019242855175
TAU_conf_avg,0.005578181416848828,0.0056920647621154785,30.0,7.0,0.6348589579758079,0.5556019242855175
BETAN_avg,0.005813479721203753,0.005631536245346069,27.0,8.0,0.6348589579758079,0.5556019242855175
POHM_avg,0.011405834933233954,0.005015715956687927,12.0,9.0,0.6348589579758079,0.5556019242855175
GASmeas_D2,0.003256814749241888,0.004471570253372192,50.0,10.0,0.6348589579758079,0.5556019242855175
P_baratron_div_avg,0.01781149367758062,0.004033699631690979,6.0,11.0,0.6348589579758079,0.5556019242855175
ECRH_avg,0.002058100822810992,0.003726646304130554,68.0,12.0,0.6348589579758079,0.5556019242855175
Ne_edge_avg_diff1,0.0033687160718362595,0.003707513213157654,47.0,13.0,0.6348589579758079,0.5556019242855175
BETAN,0.008125311310549967,0.003266960382461548,22.0,14.0,0.6348589579758079,0.5556019242855175
Q95,0.010625466824222987,0.003098905086517334,13.0,15.0,0.6348589579758079,0.5556019242855175
Ne_edge_avg_avg,0.005279215167463035,0.002992406487464905,33.0,16.0,0.6348589579758079,0.5556019242855175
GASmeas_D2_avg,0.0045260069202433,0.0029886960983276367,38.0,17.0,0.6348589579758079,0.5556019242855175
Q95_avg,0.008464192465055474,0.0029419809579849243,20.0,18.0,0.6348589579758079,0.5556019242855175
AREA_avg,0.004945200877677276,0.0029401928186416626,35.0,19.0,0.6348589579758079,0.5556019242855175
BETAP,0.007663716521549928,0.002789720892906189,23.0,20.0,0.6348589579758079,0.5556019242855175
Wth_avg,0.00206260963864815,0.0025866329669952393,67.0,21.0,0.6348589579758079,0.5556019242855175
NBI_avg,0.008483878371504999,0.0025513768196105957,18.0,22.0,0.6348589579758079,0.5556019242855175
BETAP_avg,0.009669913300596978,0.00216519832611084,16.0,23.0,0.6348589579758079,0.5556019242855175
NBI,0.006142872579943549,0.002097487449645996,26.0,24.0,0.6348589579758079,0.5556019242855175
Ne_core_avg_diff2,0.0013449013523256059,0.001962140202522278,74.0,25.0,0.6348589579758079,0.5556019242855175
TAU_conf_calc_avg,0.013918375146788016,0.0015303939580917358,10.0,26.0,0.6348589579758079,0.5556019242855175
Ne_edge_avg,0.005010496067064756,0.0015201419591903687,34.0,27.0,0.6348589579758079,0.5556019242855175
Wth,0.0023520058397962017,0.0013200044631958008,63.0,28.0,0.6348589579758079,0.5556019242855175
Wth_diff2,0.0016763265801128823,0.0012346059083938599,72.0,29.0,0.6348589579758079,0.5556019242855175
TAU_conf_diff2,0.0020975386240610194,0.0011950433254241943,65.0,30.0,0.6348589579758079,0.5556019242855175
EvenN,0.0028060724724083387,0.0011587738990783691,55.0,31.0,0.6348589579758079,0.5556019242855175
TAU_conf,0.006651566434140513,0.001108616590499878,24.0,32.0,0.6348589579758079,0.5556019242855175
PD_diff1,0.01623019772801045,0.001040920615196228,7.0,33.0,0.6348589579758079,0.5556019242855175
POHM_diff2,0.0027880748372701796,0.0009454041719436646,56.0,34.0,0.6348589579758079,0.5556019242855175
PD_avg,0.01480567561207317,0.0009023994207382202,8.0,35.0,0.6348589579758079,0.5556019242855175
NBI2_diff2,8.877169762748806e-06,0.0008889585733413696,76.0,36.0,0.6348589579758079,0.5556019242855175
KAPPA,0.005349814360929964,0.0008227378129959106,31.0,37.0,0.6348589579758079,0.5556019242855175
EvenN_avg,0.0032333652093585255,0.000802457332611084,51.0,38.0,0.6348589579758079,0.5556019242855175
SXRcore,0.004051535434683404,0.0007905662059783936,44.0,39.0,0.6348589579758079,0.5556019242855175
Q95_diff1,0.004250711241488497,0.0007529407739639282,41.0,40.0,0.6348589579758079,0.5556019242855175
EvenN_diff2,0.0020628083616082795,0.0007285922765731812,66.0,41.0,0.6348589579758079,0.5556019242855175
Ne_edge_avg_diff2,0.0018057556848782897,0.0007209032773971558,71.0,42.0,0.6348589579758079,0.5556019242855175
NEavg_diff2,0.001544196850286326,0.0007141977548599243,73.0,43.0,0.6348589579758079,0.5556019242855175
PD,0.009890473225771874,0.0007037520408630371,15.0,44.0,0.6348589579758079,0.5556019242855175
TAU_conf_calc_diff1,0.0030563102737734406,0.0006027519702911377,52.0,45.0,0.6348589579758079,0.5556019242855175
Ne_core_avg_diff1,0.002488855775684982,0.0005705654621124268,61.0,46.0,0.6348589579758079,0.5556019242855175
TAU_conf_calc,0.009040539782369928,0.0005650818347930908,17.0,47.0,0.6348589579758079,0.5556019242855175
DELTA_BOTTOM_avg,0.010516114548000418,0.0005535781383514404,14.0,48.0,0.6348589579758079,0.5556019242855175
ECRH,0.0010961631450396086,0.0005046725273132324,75.0,49.0,0.6348589579758079,0.5556019242855175
NBI2_diff1,6.76978938700802e-06,0.0004716813564300537,77.0,50.0,0.6348589579758079,0.5556019242855175
POHM,0.00841389188063773,0.0004496276378631592,21.0,51.0,0.6348589579758079,0.5556019242855175
P_baratron_mid_avg,0.003266280344740741,0.00036735832691192627,49.0,52.0,0.6348589579758079,0.5556019242855175
P_baratron_div_diff1,0.002965549366476338,0.00034248828887939453,53.0,53.0,0.6348589579758079,0.5556019242855175
IPLA_diff2,0.0038388777584637203,0.0003357231616973877,46.0,54.0,0.6348589579758079,0.5556019242855175
SXRcore_avg,0.004075884668207024,0.0002934187650680542,43.0,55.0,0.6348589579758079,0.5556019242855175
KAPPA_avg,0.005788038244219294,0.00023791193962097168,28.0,56.0,0.6348589579758079,0.5556019242855175
EvenN_diff1,0.002718322160023932,0.0002056807279586792,57.0,57.0,0.6348589579758079,0.5556019242855175
Wth_diff1,0.00333355342674644,0.00020557641983032227,48.0,58.0,0.6348589579758079,0.5556019242855175
NBI_diff2,0.002828655077032607,0.0002031773328781128,54.0,59.0,0.6348589579758079,0.5556019242855175
NEavg_avg,0.003986081400610747,0.00018136203289031982,45.0,60.0,0.6348589579758079,0.5556019242855175
BETAP_diff2,0.0022061562306170926,0.00015188753604888916,64.0,61.0,0.6348589579758079,0.5556019242855175
PD_diff2,0.002049050921915852,0.00011202692985534668,69.0,62.0,0.6348589579758079,0.5556019242855175
NEavg,0.004324209657766357,7.402896881103516e-05,39.0,63.0,0.6348589579758079,0.5556019242855175
P_baratron_mid_diff2,0.002618298765848229,3.8683414459228516e-05,58.0,64.0,0.6348589579758079,0.5556019242855175
BETAN_diff1,0.0025576898583880843,1.2621283531188965e-05,60.0,65.0,0.6348589579758079,0.5556019242855175
SXRcore_diff2,0.002602094914403916,-1.017749309539795e-05,59.0,66.0,0.6348589579758079,0.5556019242855175
DELTA_TOP,0.004225508266802496,-2.6419758796691895e-05,42.0,67.0,0.6348589579758079,0.5556019242855175
BZERO_avg,0.014412736704970237,-4.8980116844177246e-05,9.0,68.0,0.6348589579758079,0.5556019242855175
BZERO_diff2,0.0019146078764158937,-5.2794814109802246e-05,70.0,69.0,0.6348589579758079,0.5556019242855175
BZERO,0.0873428394552372,-0.00016404688358306885,2.0,70.0,0.6348589579758079,0.5556019242855175
Ne_core_avg,0.004664585860740035,-0.0005336105823516846,37.0,71.0,0.6348589579758079,0.5556019242855175
Ne_core_avg_avg,0.004262782497788458,-0.0005646795034408569,40.0,72.0,0.6348589579758079,0.5556019242855175
LI_avg,0.020799059772155373,-0.0007143020629882812,5.0,73.0,0.6348589579758079,0.5556019242855175
OddN_diff2,0.002396823366873415,-0.0007144957780838013,62.0,74.0,0.6348589579758079,0.5556019242855175
DELTA_BOTTOM,0.006503973649473616,-0.000873267650604248,25.0,75.0,0.6348589579758079,0.5556019242855175
LI,0.01267239034529975,-0.0009686797857284546,11.0,76.0,0.6348589579758079,0.5556019242855175
DELTA_TOP_avg,0.004917669178934226,-0.001424446702003479,36.0,77.0,0.6348589579758079,0.5556019242855175
